patient_id,patient_name,observation_date,mobility_steps,nutrition_kcal,participation_minutes,data_source,observation_quality
P001,Alice Johnson,2026-07-02,6661,1986,77,Wearable Device,Good
P001,Alice Johnson,2026-07-03,6994,1976,74,Manual Entry,Poor
P001,Alice Johnson,2026-07-04,7013,2076,73,Wearable Device,Good
P001,Alice Johnson,2026-07-05,6676,1953,73,Wearable Device,Good
P001,Alice Johnson,2026-07-06,6578,1808,68,Wearable Device,Good
P001,Alice Johnson,2026-07-07,6317,1898,76,Wearable Device,Good
P001,Alice Johnson,2026-07-08,6204,1858,80,Wearable Device,Good
P001,Alice Johnson,2026-07-09,6426,2006,69,Wearable Device,Good
P001,Alice Johnson,2026-07-10,6323,2011,70,Manual Entry,Fair
P001,Alice Johnson,2026-07-11,6622,1939,73,Wearable Device,Good
P001,Alice Johnson,2026-07-12,6304,2185,74,Wearable Device,Fair
P001,Alice Johnson,2026-07-13,6156,2082,70,Wearable Device,Good
P001,Alice Johnson,2026-07-14,6567,1804,70,Wearable Device,Good
P001,Alice Johnson,2026-07-15,6563,2073,75,Wearable Device,Good
P001,Alice Johnson,2026-07-16,6462,1969,69,Wearable Device,Good
P001,Alice Johnson,2026-07-17,6266,1953,78,Wearable Device,Good
P001,Alice Johnson,2026-07-18,6611,1823,76,Wearable Device,Fair
P001,Alice Johnson,2026-07-19,6374,1932,77,Wearable Device,Good
P001,Alice Johnson,2026-07-20,6835,2093,71,Wearable Device,Good
P001,Alice Johnson,2026-07-21,6399,2033,78,Wearable Device,Good
P001,Alice Johnson,2026-07-22,6344,1981,70,Wearable Device,Good
P001,Alice Johnson,2026-07-23,6111,2081,80,Wearable Device,Good
P001,Alice Johnson,2026-07-24,6476,2100,76,Wearable Device,Good
P001,Alice Johnson,2026-07-25,6290,2036,80,Wearable Device,Good
P001,Alice Johnson,2026-07-26,6488,2156,65,Wearable Device,Good
P001,Alice Johnson,2026-07-27,6767,2008,73,Wearable Device,Good
P001,Alice Johnson,2026-07-28,6529,1801,74,Wearable Device,Poor
P001,Alice Johnson,2026-07-29,6616,2147,73,Wearable Device,Good
P001,Alice Johnson,2026-07-30,6237,1949,78,Wearable Device,Good
P001,Alice Johnson,2026-07-31,6606,1947,76,Wearable Device,Good
P001,Alice Johnson,2026-08-01,6531,2096,72,Wearable Device,Good
P001,Alice Johnson,2026-08-02,6393,1960,69,Wearable Device,Good
P001,Alice Johnson,2026-08-03,6596,2026,75,Wearable Device,Good
P001,Alice Johnson,2026-08-04,6423,1858,73,Wearable Device,Good
P001,Alice Johnson,2026-08-05,6388,1919,74,Wearable Device,Good
P001,Alice Johnson,2026-08-06,6631,2188,75,Wearable Device,Good
P001,Alice Johnson,2026-08-07,6583,1992,67,Wearable Device,Good
P001,Alice Johnson,2026-08-08,6491,2006,84,Wearable Device,Good
P001,Alice Johnson,2026-08-09,6437,2030,74,Wearable Device,Good
P001,Alice Johnson,2026-08-10,6120,2114,77,Wearable Device,Good
P001,Alice Johnson,2026-08-11,6757,1909,80,Wearable Device,Good
P001,Alice Johnson,2026-08-12,6044,2058,83,Wearable Device,Good
P001,Alice Johnson,2026-08-13,6178,1943,75,Wearable Device,Good
P001,Alice Johnson,2026-08-14,6336,1844,75,Wearable Device,Good
P001,Alice Johnson,2026-08-15,6154,2047,71,Wearable Device,Good
P001,Alice Johnson,2026-08-16,7003,1921,73,Wearable Device,Good
P001,Alice Johnson,2026-08-17,6764,1876,75,Wearable Device,Good
P001,Alice Johnson,2026-08-18,6924,1839,75,Wearable Device,Good
P001,Alice Johnson,2026-08-19,6584,2078,70,Wearable Device,Good
P001,Alice Johnson,2026-08-20,6070,2052,76,Wearable Device,Good
P001,Alice Johnson,2026-08-21,6581,2034,72,Wearable Device,Good
P001,Alice Johnson,2026-08-22,6575,2029,72,Wearable Device,Good
P001,Alice Johnson,2026-08-23,7106,2047,70,Wearable Device,Good
P001,Alice Johnson,2026-08-24,6713,1902,77,Wearable Device,Good
P001,Alice Johnson,2026-08-25,6876,1917,78,Wearable Device,Good
P001,Alice Johnson,2026-08-26,6634,2082,82,Wearable Device,Good
P001,Alice Johnson,2026-08-27,6420,1924,71,Wearable Device,Good
P001,Alice Johnson,2026-08-28,6234,1992,76,Wearable Device,Good
P001,Alice Johnson,2026-08-29,6589,2082,75,Wearable Device,Good
P001,Alice Johnson,2026-08-30,6972,1973,85,Wearable Device,Good
P001,Alice Johnson,2026-08-31,6703,1914,70,Wearable Device,Good
P001,Alice Johnson,2026-09-01,6656,1977,77,Wearable Device,Good
P001,Alice Johnson,2026-09-02,6653,1992,71,Wearable Device,Good
P001,Alice Johnson,2026-09-03,6007,1955,78,Wearable Device,Good
P001,Alice Johnson,2026-09-04,6569,1875,75,Wearable Device,Good
P001,Alice Johnson,2026-09-05,6625,1911,75,Wearable Device,Good
P001,Alice Johnson,2026-09-06,6518,1885,76,Wearable Device,Good
P001,Alice Johnson,2026-09-07,6682,2108,78,Wearable Device,Good
P001,Alice Johnson,2026-09-08,6052,1906,76,Wearable Device,Good
P001,Alice Johnson,2026-09-09,6666,2051,89,Wearable Device,Good
P001,Alice Johnson,2026-09-10,6685,2113,78,Wearable Device,Good
P001,Alice Johnson,2026-09-11,6711,1968,77,Wearable Device,Good
P001,Alice Johnson,2026-09-12,6248,1976,73,Wearable Device,Good
P001,Alice Johnson,2026-09-13,6526,2231,67,Wearable Device,Good
P001,Alice Johnson,2026-09-14,6723,1838,73,Wearable Device,Good
P001,Alice Johnson,2026-09-15,6853,2006,70,Wearable Device,Good
P001,Alice Johnson,2026-09-16,6267,2067,72,Wearable Device,Good
P001,Alice Johnson,2026-09-17,6570,2004,72,Wearable Device,Good
P001,Alice Johnson,2026-09-18,7196,2063,67,Wearable Device,Good
P001,Alice Johnson,2026-09-19,6560,1933,78,Wearable Device,Good
P001,Alice Johnson,2026-09-20,6242,1988,76,Wearable Device,Good
P001,Alice Johnson,2026-09-21,6781,1879,73,Wearable Device,Good
P001,Alice Johnson,2026-09-22,6345,1934,81,Wearable Device,Good
P001,Alice Johnson,2026-09-23,6631,1873,78,Wearable Device,Good
P001,Alice Johnson,2026-09-24,7189,2103,69,Wearable Device,Good
P001,Alice Johnson,2026-09-25,6342,2126,72,Wearable Device,Good
P001,Alice Johnson,2026-09-26,6644,2077,71,Wearable Device,Good
P001,Alice Johnson,2026-09-27,6480,1675,71,Wearable Device,Good
P001,Alice Johnson,2026-09-28,6417,1875,81,Wearable Device,Good
P001,Alice Johnson,2026-09-29,6035,1955,75,Wearable Device,Good
P002,Bob Smith,2026-07-02,7718,2042,95,Wearable Device,Good
P002,Bob Smith,2026-07-03,7203,2092,92,Wearable Device,Good
P002,Bob Smith,2026-07-04,7271,2133,90,Wearable Device,Good
P002,Bob Smith,2026-07-05,7061,2212,92,Wearable Device,Good
P002,Bob Smith,2026-07-06,7770,2063,99,Wearable Device,Good
P002,Bob Smith,2026-07-07,6497,2183,92,Wearable Device,Good
P002,Bob Smith,2026-07-08,7301,2131,89,Wearable Device,Good
P002,Bob Smith,2026-07-09,7022,2135,93,Wearable Device,Good
P002,Bob Smith,2026-07-10,7328,2123,94,Wearable Device,Good
P002,Bob Smith,2026-07-11,7310,2289,92,Wearable Device,Good
P002,Bob Smith,2026-07-12,6901,2138,93,Wearable Device,Good
P002,Bob Smith,2026-07-13,7419,2197,90,Wearable Device,Good
P002,Bob Smith,2026-07-14,7659,2134,92,Wearable Device,Good
P002,Bob Smith,2026-07-15,7127,2176,94,Wearable Device,Poor
P002,Bob Smith,2026-07-16,7497,2289,95,Wearable Device,Good
P002,Bob Smith,2026-07-17,7207,2275,88,Wearable Device,Good
P002,Bob Smith,2026-07-18,7316,2185,90,Wearable Device,Good
P002,Bob Smith,2026-07-19,7414,2109,99,Wearable Device,Good
P002,Bob Smith,2026-07-20,6837,2066,95,Wearable Device,Good
P002,Bob Smith,2026-07-21,7484,2268,92,Wearable Device,Good
P002,Bob Smith,2026-07-22,7195,2101,90,Wearable Device,Good
P002,Bob Smith,2026-07-23,6956,2307,89,Wearable Device,Good
P002,Bob Smith,2026-07-24,6902,2164,91,Wearable Device,Good
P002,Bob Smith,2026-07-25,6997,2109,91,Wearable Device,Good
P002,Bob Smith,2026-07-26,7288,2144,87,Wearable Device,Good
P002,Bob Smith,2026-07-27,7283,2040,83,Wearable Device,Good
P002,Bob Smith,2026-07-28,6941,2176,91,Wearable Device,Good
P002,Bob Smith,2026-07-29,7731,2294,89,Wearable Device,Good
P002,Bob Smith,2026-07-30,7193,2089,89,Wearable Device,Good
P002,Bob Smith,2026-07-31,7096,2235,86,Wearable Device,Good
P002,Bob Smith,2026-08-01,7386,2368,89,Wearable Device,Good
P002,Bob Smith,2026-08-02,7344,2275,88,Wearable Device,Good
P002,Bob Smith,2026-08-03,7280,2201,90,Wearable Device,Good
P002,Bob Smith,2026-08-04,6921,2202,92,Wearable Device,Good
P002,Bob Smith,2026-08-05,7722,2305,99,Wearable Device,Good
P002,Bob Smith,2026-08-06,6923,2295,90,Wearable Device,Good
P002,Bob Smith,2026-08-07,7988,2111,86,Wearable Device,Good
P002,Bob Smith,2026-08-08,6984,1966,87,Wearable Device,Good
P002,Bob Smith,2026-08-09,6926,2216,91,Wearable Device,Good
P002,Bob Smith,2026-08-10,7875,2304,87,Wearable Device,Good
P002,Bob Smith,2026-08-11,6876,2254,84,Wearable Device,Good
P002,Bob Smith,2026-08-12,7859,2329,87,Wearable Device,Good
P002,Bob Smith,2026-08-13,6583,2348,89,Wearable Device,Good
P002,Bob Smith,2026-08-14,7645,2024,87,Wearable Device,Good
P002,Bob Smith,2026-08-15,7201,2205,87,Wearable Device,Good
P002,Bob Smith,2026-08-16,7424,2082,89,Wearable Device,Good
P002,Bob Smith,2026-08-17,7243,2256,93,Wearable Device,Good
P002,Bob Smith,2026-08-18,6795,2031,95,Wearable Device,Good
P002,Bob Smith,2026-08-19,7319,2117,96,Wearable Device,Good
P002,Bob Smith,2026-08-20,7241,2329,90,Wearable Device,Good
P002,Bob Smith,2026-08-21,7941,2393,88,Wearable Device,Good
P002,Bob Smith,2026-08-22,7549,2270,96,Wearable Device,Good
P002,Bob Smith,2026-08-23,6852,2275,94,Wearable Device,Good
P002,Bob Smith,2026-08-24,6566,2069,80,Wearable Device,Good
P002,Bob Smith,2026-08-25,7103,2278,96,Wearable Device,Good
P002,Bob Smith,2026-08-26,7226,2379,83,Wearable Device,Good
P002,Bob Smith,2026-08-27,6586,2193,91,Wearable Device,Good
P002,Bob Smith,2026-08-28,7188,1972,89,Wearable Device,Good
P002,Bob Smith,2026-08-29,6730,2273,91,Wearable Device,Fair
P002,Bob Smith,2026-08-30,6861,2143,85,Wearable Device,Good
P002,Bob Smith,2026-08-31,7069,2305,85,Wearable Device,Good
P002,Bob Smith,2026-09-01,7165,2141,86,Wearable Device,Good
P002,Bob Smith,2026-09-02,6837,2086,87,Wearable Device,Good
P002,Bob Smith,2026-09-03,6336,2416,90,Wearable Device,Good
P002,Bob Smith,2026-09-04,6408,2223,89,Wearable Device,Good
P002,Bob Smith,2026-09-05,6472,2267,93,Wearable Device,Good
P002,Bob Smith,2026-09-06,6253,2136,88,Wearable Device,Good
P002,Bob Smith,2026-09-07,5507,2033,96,Wearable Device,Good
P002,Bob Smith,2026-09-08,6820,2172,92,Wearable Device,Good
P002,Bob Smith,2026-09-09,6232,2538,95,Wearable Device,Good
P002,Bob Smith,2026-09-10,5965,2094,82,Wearable Device,Good
P002,Bob Smith,2026-09-11,5977,2116,83,Wearable Device,Good
P002,Bob Smith,2026-09-12,5563,2081,97,Wearable Device,Good
P002,Bob Smith,2026-09-13,6005,2199,96,Wearable Device,Good
P002,Bob Smith,2026-09-14,5607,2105,96,Wearable Device,Good
P002,Bob Smith,2026-09-15,5666,2085,89,Wearable Device,Good
P002,Bob Smith,2026-09-16,5048,2047,94,Wearable Device,Good
P002,Bob Smith,2026-09-17,5943,2046,92,Wearable Device,Good
P002,Bob Smith,2026-09-18,4913,2146,87,Wearable Device,Good
P002,Bob Smith,2026-09-19,4728,2205,86,Wearable Device,Good
P002,Bob Smith,2026-09-20,5029,2194,88,Wearable Device,Good
P002,Bob Smith,2026-09-21,4497,2136,93,Wearable Device,Good
P002,Bob Smith,2026-09-22,4896,2092,90,Wearable Device,Good
P002,Bob Smith,2026-09-23,4878,2016,92,Wearable Device,Good
P002,Bob Smith,2026-09-24,4261,2262,86,Wearable Device,Good
P002,Bob Smith,2026-09-25,3742,2020,90,Wearable Device,Good
P002,Bob Smith,2026-09-26,4377,2100,92,Wearable Device,Good
P002,Bob Smith,2026-09-27,3577,2192,84,Wearable Device,Good
P002,Bob Smith,2026-09-28,3833,2205,86,Wearable Device,Good
P002,Bob Smith,2026-09-29,3821,2310,87,Wearable Device,Good
P003,Carol Wilson,2026-07-02,6042,1698,66,Wearable Device,Good
P003,Carol Wilson,2026-07-03,6218,1577,62,Wearable Device,Good
P003,Carol Wilson,2026-07-04,5967,1781,66,Wearable Device,Good
P003,Carol Wilson,2026-07-05,5624,1807,64,Wearable Device,Good
P003,Carol Wilson,2026-07-06,6138,1822,66,Wearable Device,Good
P003,Carol Wilson,2026-07-07,5680,1756,63,Wearable Device,Good
P003,Carol Wilson,2026-07-08,5914,1762,65,Wearable Device,Good
P003,Carol Wilson,2026-07-09,6401,1878,63,Wearable Device,Good
P003,Carol Wilson,2026-07-10,6148,1763,58,Wearable Device,Good
P003,Carol Wilson,2026-07-11,5507,1631,63,Wearable Device,Good
P003,Carol Wilson,2026-07-12,5805,1950,66,Wearable Device,Good
P003,Carol Wilson,2026-07-13,5736,1874,57,Wearable Device,Good
P003,Carol Wilson,2026-07-14,5868,1869,60,Wearable Device,Good
P003,Carol Wilson,2026-07-15,6131,1830,63,Wearable Device,Good
P003,Carol Wilson,2026-07-16,5983,2004,65,Wearable Device,Good
P003,Carol Wilson,2026-07-17,5871,1758,62,Wearable Device,Good
P003,Carol Wilson,2026-07-18,6040,1722,65,Wearable Device,Good
P003,Carol Wilson,2026-07-19,5661,1843,66,Wearable Device,Good
P003,Carol Wilson,2026-07-20,6100,1754,64,Wearable Device,Good
P003,Carol Wilson,2026-07-21,5516,1760,66,Wearable Device,Good
P003,Carol Wilson,2026-07-22,6019,1717,67,Wearable Device,Good
P003,Carol Wilson,2026-07-23,6193,1837,71,Wearable Device,Good
P003,Carol Wilson,2026-07-24,5575,1687,59,Wearable Device,Good
P003,Carol Wilson,2026-07-25,6233,1858,64,Wearable Device,Good
P003,Carol Wilson,2026-07-26,5881,1698,72,Wearable Device,Good
P003,Carol Wilson,2026-07-27,5837,1809,67,Wearable Device,Good
P003,Carol Wilson,2026-07-28,5939,1820,62,Wearable Device,Good
P003,Carol Wilson,2026-07-29,5936,1969,69,Wearable Device,Good
P003,Carol Wilson,2026-07-30,6262,1753,61,Wearable Device,Good
P003,Carol Wilson,2026-07-31,5763,1805,68,Wearable Device,Good
P003,Carol Wilson,2026-08-01,5309,1937,64,Wearable Device,Good
P003,Carol Wilson,2026-08-02,5676,1708,59,Wearable Device,Good
P003,Carol Wilson,2026-08-03,6038,1806,60,Wearable Device,Good
P003,Carol Wilson,2026-08-04,5424,1769,70,Wearable Device,Good
P003,Carol Wilson,2026-08-05,5724,1664,64,Wearable Device,Good
P003,Carol Wilson,2026-08-06,5720,1557,64,Wearable Device,Good
P003,Carol Wilson,2026-08-07,5733,1862,71,Wearable Device,Good
P003,Carol Wilson,2026-08-08,6126,1775,61,Wearable Device,Good
P003,Carol Wilson,2026-08-09,6546,1805,65,Wearable Device,Good
P003,Carol Wilson,2026-08-10,5793,1817,64,Wearable Device,Good
P003,Carol Wilson,2026-08-11,5633,1750,64,Wearable Device,Good
P003,Carol Wilson,2026-08-12,5642,1735,65,Wearable Device,Good
P003,Carol Wilson,2026-08-13,5726,1935,56,Wearable Device,Good
P003,Carol Wilson,2026-08-14,6116,1912,58,Wearable Device,Good
P003,Carol Wilson,2026-08-15,5700,1766,60,Wearable Device,Good
P003,Carol Wilson,2026-08-16,5574,1700,70,Wearable Device,Good
P003,Carol Wilson,2026-08-17,6071,1914,67,Wearable Device,Good
P003,Carol Wilson,2026-08-18,5472,1752,66,Wearable Device,Good
P003,Carol Wilson,2026-08-19,5445,1864,64,Wearable Device,Good
P003,Carol Wilson,2026-08-20,5691,1863,66,Wearable Device,Good
P003,Carol Wilson,2026-08-21,5695,1904,61,Wearable Device,Good
P003,Carol Wilson,2026-08-22,5978,1853,63,Wearable Device,Good
P003,Carol Wilson,2026-08-23,5894,1687,68,Wearable Device,Good
P003,Carol Wilson,2026-08-24,5746,1752,68,Wearable Device,Good
P003,Carol Wilson,2026-08-25,5595,1673,59,Wearable Device,Good
P003,Carol Wilson,2026-08-26,5975,1684,70,Wearable Device,Good
P003,Carol Wilson,2026-08-27,5196,1952,65,Wearable Device,Good
P003,Carol Wilson,2026-08-28,5771,1750,66,Wearable Device,Good
P003,Carol Wilson,2026-08-29,5789,1899,65,Wearable Device,Good
P003,Carol Wilson,2026-08-30,5843,1767,64,Wearable Device,Good
P003,Carol Wilson,2026-08-31,5889,1646,60,Wearable Device,Good
P003,Carol Wilson,2026-09-01,6015,1815,64,Wearable Device,Good
P003,Carol Wilson,2026-09-02,5805,1831,63,Wearable Device,Good
P003,Carol Wilson,2026-09-03,5574,1817,61,Wearable Device,Good
P003,Carol Wilson,2026-09-04,5918,1646,68,Wearable Device,Good
P003,Carol Wilson,2026-09-05,5937,1801,68,Wearable Device,Good
P003,Carol Wilson,2026-09-06,6282,1848,59,Wearable Device,Good
P003,Carol Wilson,2026-09-07,5428,1678,65,Wearable Device,Good
P003,Carol Wilson,2026-09-08,5950,1648,65,Wearable Device,Good
P003,Carol Wilson,2026-09-09,5580,1636,60,Wearable Device,Good
P003,Carol Wilson,2026-09-10,5532,1548,61,Wearable Device,Good
P003,Carol Wilson,2026-09-11,6105,1563,73,Wearable Device,Good
P003,Carol Wilson,2026-09-12,5943,1643,62,Wearable Device,Good
P003,Carol Wilson,2026-09-13,6003,1553,65,Wearable Device,Good
P003,Carol Wilson,2026-09-14,6542,1575,68,Wearable Device,Good
P003,Carol Wilson,2026-09-15,5596,1559,70,Wearable Device,Good
P003,Carol Wilson,2026-09-16,5618,1703,67,Wearable Device,Good
P003,Carol Wilson,2026-09-17,5636,1576,68,Wearable Device,Good
P003,Carol Wilson,2026-09-18,5980,1356,62,Wearable Device,Good
P003,Carol Wilson,2026-09-19,5728,1469,67,Wearable Device,Poor
P003,Carol Wilson,2026-09-20,5851,1334,66,Wearable Device,Good
P003,Carol Wilson,2026-09-21,5977,1483,68,Wearable Device,Good
P003,Carol Wilson,2026-09-22,6041,1452,64,Wearable Device,Good
P003,Carol Wilson,2026-09-23,5318,1428,65,Wearable Device,Good
P003,Carol Wilson,2026-09-24,5878,1253,61,Wearable Device,Good
P003,Carol Wilson,2026-09-25,6105,1342,67,Wearable Device,Good
P003,Carol Wilson,2026-09-26,5808,1327,68,Wearable Device,Good
P003,Carol Wilson,2026-09-27,5650,1311,63,Wearable Device,Good
P003,Carol Wilson,2026-09-28,5673,1253,65,Wearable Device,Good
P003,Carol Wilson,2026-09-29,5661,1373,62,Wearable Device,Good
P004,David Brown,2026-07-02,4457,1564,117,Wearable Device,Good
P004,David Brown,2026-07-03,4544,1682,101,Wearable Device,Good
P004,David Brown,2026-07-04,4560,1671,110,Wearable Device,Good
P004,David Brown,2026-07-05,4739,1558,117,Wearable Device,Good
P004,David Brown,2026-07-06,5017,1570,107,Wearable Device,Good
P004,David Brown,2026-07-07,4827,1726,107,Wearable Device,Good
P004,David Brown,2026-07-08,4405,1577,102,Wearable Device,Good
P004,David Brown,2026-07-09,4293,1519,105,Manual Entry,Poor
P004,David Brown,2026-07-10,4492,1618,118,Wearable Device,Good
P004,David Brown,2026-07-11,4275,1678,108,Wearable Device,Good
P004,David Brown,2026-07-12,4488,1653,103,Wearable Device,Good
P004,David Brown,2026-07-13,4586,1613,112,Wearable Device,Good
P004,David Brown,2026-07-14,4565,1796,106,Wearable Device,Good
P004,David Brown,2026-07-15,4380,1550,106,Wearable Device,Fair
P004,David Brown,2026-07-16,4356,1695,117,Wearable Device,Good
P004,David Brown,2026-07-17,4371,1533,112,Wearable Device,Good
P004,David Brown,2026-07-18,4375,1650,111,Wearable Device,Good
P004,David Brown,2026-07-19,4158,1723,119,Wearable Device,Good
P004,David Brown,2026-07-20,4362,1568,111,Wearable Device,Good
P004,David Brown,2026-07-21,4575,1652,121,Wearable Device,Good
P004,David Brown,2026-07-22,4460,1536,102,Wearable Device,Good
P004,David Brown,2026-07-23,4335,1597,119,Wearable Device,Good
P004,David Brown,2026-07-24,4383,1617,109,Wearable Device,Good
P004,David Brown,2026-07-25,4767,1802,107,Wearable Device,Good
P004,David Brown,2026-07-26,4389,1683,113,Wearable Device,Good
P004,David Brown,2026-07-27,4915,1646,108,Wearable Device,Good
P004,David Brown,2026-07-28,4632,1688,114,Wearable Device,Good
P004,David Brown,2026-07-29,4614,1685,116,Wearable Device,Good
P004,David Brown,2026-07-30,4810,1651,109,Wearable Device,Good
P004,David Brown,2026-07-31,4533,1696,105,Wearable Device,Good
P004,David Brown,2026-08-01,4582,1568,110,Wearable Device,Good
P004,David Brown,2026-08-02,4787,1615,110,Wearable Device,Good
P004,David Brown,2026-08-03,4194,1659,113,Wearable Device,Good
P004,David Brown,2026-08-04,4986,1575,111,Wearable Device,Good
P004,David Brown,2026-08-05,4556,1726,109,Wearable Device,Good
P004,David Brown,2026-08-06,4562,1648,111,Wearable Device,Good
P004,David Brown,2026-08-07,4399,1615,115,Wearable Device,Good
P004,David Brown,2026-08-08,4269,1610,106,Wearable Device,Good
P004,David Brown,2026-08-09,4768,1478,106,Estimated,Poor
P004,David Brown,2026-08-10,4584,1725,109,Wearable Device,Good
P004,David Brown,2026-08-11,4375,1750,102,Wearable Device,Good
P004,David Brown,2026-08-12,4005,1635,107,Wearable Device,Good
P004,David Brown,2026-08-13,4270,1656,111,Wearable Device,Good
P004,David Brown,2026-08-14,4373,1497,114,Wearable Device,Good
P004,David Brown,2026-08-15,4646,1592,120,Wearable Device,Good
P004,David Brown,2026-08-16,4259,1477,106,Wearable Device,Good
P004,David Brown,2026-08-17,4489,1619,108,Wearable Device,Good
P004,David Brown,2026-08-18,4579,1499,117,Wearable Device,Good
P004,David Brown,2026-08-19,4481,1689,111,Wearable Device,Good
P004,David Brown,2026-08-20,4602,1645,112,Wearable Device,Good
P004,David Brown,2026-08-21,4644,1706,111,Wearable Device,Good
P004,David Brown,2026-08-22,4659,1592,117,Wearable Device,Good
P004,David Brown,2026-08-23,4347,1744,109,Wearable Device,Good
P004,David Brown,2026-08-24,4178,1610,106,Estimated,Fair
P004,David Brown,2026-08-25,4689,1547,107,Wearable Device,Good
P004,David Brown,2026-08-26,4074,1563,96,Wearable Device,Good
P004,David Brown,2026-08-27,4143,1660,114,Wearable Device,Good
P004,David Brown,2026-08-28,4595,1522,109,Wearable Device,Good
P004,David Brown,2026-08-29,4499,1507,118,Wearable Device,Good
P004,David Brown,2026-08-30,4697,1582,110,Wearable Device,Good
P004,David Brown,2026-08-31,4546,1436,108,Wearable Device,Good
P004,David Brown,2026-09-01,4346,1519,108,Wearable Device,Good
P004,David Brown,2026-09-02,4904,1651,106,Wearable Device,Good
P004,David Brown,2026-09-03,4628,1711,115,Wearable Device,Good
P004,David Brown,2026-09-04,4513,1548,113,Wearable Device,Good
P004,David Brown,2026-09-05,4588,1671,113,Wearable Device,Good
P004,David Brown,2026-09-06,4736,1557,117,Wearable Device,Good
P004,David Brown,2026-09-07,4544,1766,106,Wearable Device,Good
P004,David Brown,2026-09-08,4890,1615,106,Wearable Device,Good
P004,David Brown,2026-09-09,4391,1574,112,Wearable Device,Good
P004,David Brown,2026-09-10,4617,1554,107,Wearable Device,Good
P004,David Brown,2026-09-11,4982,1738,108,Wearable Device,Good
P004,David Brown,2026-09-12,4508,1609,107,Wearable Device,Good
P004,David Brown,2026-09-13,4269,1579,92,Wearable Device,Good
P004,David Brown,2026-09-14,4589,1651,97,Wearable Device,Good
P004,David Brown,2026-09-15,4854,1501,90,Wearable Device,Good
P004,David Brown,2026-09-16,4550,1683,105,Wearable Device,Good
P004,David Brown,2026-09-17,4396,1686,93,Wearable Device,Good
P004,David Brown,2026-09-18,4461,1670,95,Estimated,Fair
P004,David Brown,2026-09-19,4145,1718,97,Wearable Device,Good
P004,David Brown,2026-09-20,4359,1631,90,Wearable Device,Good
P004,David Brown,2026-09-21,4558,1555,82,Wearable Device,Good
P004,David Brown,2026-09-22,4494,1693,87,Wearable Device,Good
P004,David Brown,2026-09-23,4416,1661,66,Wearable Device,Good
P004,David Brown,2026-09-24,4758,1460,78,Wearable Device,Good
P004,David Brown,2026-09-25,4248,1496,84,Wearable Device,Good
P004,David Brown,2026-09-26,4394,1627,76,Wearable Device,Good
P004,David Brown,2026-09-27,4607,1606,67,Wearable Device,Good
P004,David Brown,2026-09-28,4724,1560,63,Wearable Device,Good
P004,David Brown,2026-09-29,4403,1720,75,Wearable Device,Good
P005,Emma Davis,2026-07-02,7860,2358,83,Wearable Device,Good
P005,Emma Davis,2026-07-03,8830,2445,86,Wearable Device,Good
P005,Emma Davis,2026-07-04,8412,2428,83,Wearable Device,Good
P005,Emma Davis,2026-07-05,7921,2391,84,Wearable Device,Good
P005,Emma Davis,2026-07-06,8291,2406,88,Wearable Device,Good
P005,Emma Davis,2026-07-07,7967,2409,76,Wearable Device,Good
P005,Emma Davis,2026-07-08,8366,2441,89,Wearable Device,Good
P005,Emma Davis,2026-07-09,6841,2650,84,Wearable Device,Good
P005,Emma Davis,2026-07-10,8443,2275,87,Wearable Device,Good
P005,Emma Davis,2026-07-11,7578,2325,93,Wearable Device,Good
P005,Emma Davis,2026-07-12,7923,2426,88,Wearable Device,Good
P005,Emma Davis,2026-07-13,8198,2418,86,Wearable Device,Good
P005,Emma Davis,2026-07-14,8961,2393,85,Wearable Device,Good
P005,Emma Davis,2026-07-15,8420,2532,90,Wearable Device,Good
P005,Emma Davis,2026-07-16,8255,2262,91,Wearable Device,Good
P005,Emma Davis,2026-07-17,7541,2436,81,Wearable Device,Good
P005,Emma Davis,2026-07-18,7974,2439,86,Wearable Device,Good
P005,Emma Davis,2026-07-19,8168,2593,86,Wearable Device,Good
P005,Emma Davis,2026-07-20,7902,2515,90,Wearable Device,Good
P005,Emma Davis,2026-07-21,7508,2471,87,Wearable Device,Good
P005,Emma Davis,2026-07-22,7880,2565,84,Wearable Device,Good
P005,Emma Davis,2026-07-23,8050,2379,85,Wearable Device,Good
P005,Emma Davis,2026-07-24,7561,2227,91,Wearable Device,Good
P005,Emma Davis,2026-07-25,7661,2281,75,Wearable Device,Good
P005,Emma Davis,2026-07-26,7744,2241,91,Wearable Device,Good
P005,Emma Davis,2026-07-27,8403,2317,94,Wearable Device,Good
P005,Emma Davis,2026-07-28,8392,2361,74,Wearable Device,Good
P005,Emma Davis,2026-07-29,8916,2233,78,Wearable Device,Good
P005,Emma Davis,2026-07-30,8409,2692,90,Wearable Device,Good
P005,Emma Davis,2026-07-31,8225,2471,88,Wearable Device,Good
P005,Emma Davis,2026-08-01,8303,2433,85,Wearable Device,Poor
P005,Emma Davis,2026-08-02,7974,2309,83,Wearable Device,Good
P005,Emma Davis,2026-08-03,7322,2388,80,Wearable Device,Good
P005,Emma Davis,2026-08-04,7558,2421,90,Wearable Device,Good
P005,Emma Davis,2026-08-05,8367,2211,80,Wearable Device,Good
P005,Emma Davis,2026-08-06,8376,2282,84,Wearable Device,Good
P005,Emma Davis,2026-08-07,8220,2283,85,Wearable Device,Good
P005,Emma Davis,2026-08-08,7466,2327,86,Wearable Device,Good
P005,Emma Davis,2026-08-09,7362,2452,84,Wearable Device,Good
P005,Emma Davis,2026-08-10,8220,2426,90,Wearable Device,Good
P005,Emma Davis,2026-08-11,8050,2348,85,Estimated,Fair
P005,Emma Davis,2026-08-12,8217,2405,85,Wearable Device,Good
P005,Emma Davis,2026-08-13,7719,2320,79,Wearable Device,Good
P005,Emma Davis,2026-08-14,8699,2250,82,Wearable Device,Good
P005,Emma Davis,2026-08-15,7712,2507,83,Wearable Device,Good
P005,Emma Davis,2026-08-16,8499,2319,86,Wearable Device,Good
P005,Emma Davis,2026-08-17,7665,2657,79,Wearable Device,Good
P005,Emma Davis,2026-08-18,8123,2476,86,Wearable Device,Good
P005,Emma Davis,2026-08-19,7925,2384,85,Wearable Device,Good
P005,Emma Davis,2026-08-20,7941,2515,94,Wearable Device,Good
P005,Emma Davis,2026-08-21,7777,2235,84,Wearable Device,Good
P005,Emma Davis,2026-08-22,9031,2303,91,Wearable Device,Good
P005,Emma Davis,2026-08-23,8671,2333,87,Wearable Device,Good
P005,Emma Davis,2026-08-24,8651,2354,84,Wearable Device,Good
P005,Emma Davis,2026-08-25,7767,2278,82,Wearable Device,Good
P005,Emma Davis,2026-08-26,7510,2404,81,Wearable Device,Good
P005,Emma Davis,2026-08-27,8093,2213,86,Wearable Device,Good
P005,Emma Davis,2026-08-28,8333,2160,86,Wearable Device,Good
P005,Emma Davis,2026-08-29,8491,2254,92,Wearable Device,Good
P005,Emma Davis,2026-08-30,8167,2315,84,Wearable Device,Good
P005,Emma Davis,2026-08-31,8223,2409,87,Wearable Device,Good
P005,Emma Davis,2026-09-01,7631,2420,78,Wearable Device,Good
P005,Emma Davis,2026-09-02,7955,2291,81,Wearable Device,Good
P005,Emma Davis,2026-09-03,8494,2530,87,Wearable Device,Good
P005,Emma Davis,2026-09-04,7563,2362,90,Wearable Device,Good
P005,Emma Davis,2026-09-05,8056,2678,86,Wearable Device,Good
P005,Emma Davis,2026-09-06,8076,2362,85,Wearable Device,Good
P005,Emma Davis,2026-09-07,7939,2484,89,Wearable Device,Good
P005,Emma Davis,2026-09-08,7685,2240,77,Wearable Device,Good
P005,Emma Davis,2026-09-09,8203,2267,75,Wearable Device,Good
P005,Emma Davis,2026-09-10,8155,2699,84,Wearable Device,Good
P005,Emma Davis,2026-09-11,8335,2409,84,Wearable Device,Good
P005,Emma Davis,2026-09-12,8367,2365,86,Wearable Device,Good
P005,Emma Davis,2026-09-13,8128,2319,89,Wearable Device,Good
P005,Emma Davis,2026-09-14,7930,2309,87,Wearable Device,Good
P005,Emma Davis,2026-09-15,7640,2403,84,Wearable Device,Good
P005,Emma Davis,2026-09-16,8434,2456,84,Wearable Device,Good
P005,Emma Davis,2026-09-17,8327,2566,87,Wearable Device,Good
P005,Emma Davis,2026-09-18,8004,2242,80,Wearable Device,Good
P005,Emma Davis,2026-09-19,7877,2326,84,Wearable Device,Good
P005,Emma Davis,2026-09-20,7910,2429,83,Wearable Device,Good
P005,Emma Davis,2026-09-21,7970,2340,74,Wearable Device,Good
P005,Emma Davis,2026-09-22,7288,2281,76,Wearable Device,Good
P005,Emma Davis,2026-09-23,7791,2449,85,Wearable Device,Good
P005,Emma Davis,2026-09-24,7354,2410,79,Wearable Device,Good
P005,Emma Davis,2026-09-25,7193,2124,76,Wearable Device,Good
P005,Emma Davis,2026-09-26,7060,2185,77,Wearable Device,Good
P005,Emma Davis,2026-09-27,7105,2183,80,Estimated,Poor
P005,Emma Davis,2026-09-28,7371,1919,63,Estimated,Poor
P005,Emma Davis,2026-09-29,7253,1899,72,Wearable Device,Good
P006,Frank Miller,2026-07-02,5648,1728,71,Wearable Device,Good
P006,Frank Miller,2026-07-03,6227,1845,60,Wearable Device,Good
P006,Frank Miller,2026-07-04,5836,1937,64,Wearable Device,Good
P006,Frank Miller,2026-07-05,6055,1898,72,Wearable Device,Good
P006,Frank Miller,2026-07-06,6035,1807,74,Wearable Device,Good
P006,Frank Miller,2026-07-07,5952,1897,66,Wearable Device,Good
P006,Frank Miller,2026-07-08,5867,1815,69,Wearable Device,Good
P006,Frank Miller,2026-07-09,6513,1769,64,Wearable Device,Good
P006,Frank Miller,2026-07-10,6441,1880,67,Wearable Device,Good
P006,Frank Miller,2026-07-11,6311,1842,76,Wearable Device,Poor
P006,Frank Miller,2026-07-12,6203,1853,77,Wearable Device,Good
P006,Frank Miller,2026-07-13,5818,1970,71,Wearable Device,Good
P006,Frank Miller,2026-07-14,6390,2048,70,Wearable Device,Good
P006,Frank Miller,2026-07-15,5773,1943,67,Wearable Device,Good
P006,Frank Miller,2026-07-16,6604,1912,68,Wearable Device,Good
P006,Frank Miller,2026-07-17,6055,1772,66,Wearable Device,Good
P006,Frank Miller,2026-07-18,6360,1837,66,Wearable Device,Poor
P006,Frank Miller,2026-07-19,6160,2012,72,Wearable Device,Good
P006,Frank Miller,2026-07-20,6298,1828,65,Manual Entry,Poor
P006,Frank Miller,2026-07-21,6450,1869,69,Wearable Device,Good
P006,Frank Miller,2026-07-22,6398,1952,71,Wearable Device,Good
P006,Frank Miller,2026-07-23,6649,1838,73,Wearable Device,Good
P006,Frank Miller,2026-07-24,6017,1925,75,Wearable Device,Good
P006,Frank Miller,2026-07-25,6152,1951,73,Wearable Device,Good
P006,Frank Miller,2026-07-26,5890,1820,66,Wearable Device,Good
P006,Frank Miller,2026-07-27,5410,2095,66,Wearable Device,Good
P006,Frank Miller,2026-07-28,5933,1873,71,Wearable Device,Good
P006,Frank Miller,2026-07-29,6244,1981,67,Wearable Device,Good
P006,Frank Miller,2026-07-30,5949,1926,69,Wearable Device,Good
P006,Frank Miller,2026-07-31,6482,1946,72,Wearable Device,Good
P006,Frank Miller,2026-08-01,6126,1988,69,Wearable Device,Good
P006,Frank Miller,2026-08-02,5466,1892,66,Wearable Device,Good
P006,Frank Miller,2026-08-03,5625,1887,71,Wearable Device,Good
P006,Frank Miller,2026-08-04,5718,1838,72,Wearable Device,Good
P006,Frank Miller,2026-08-05,5712,2033,67,Wearable Device,Good
P006,Frank Miller,2026-08-06,5039,1834,66,Wearable Device,Good
P006,Frank Miller,2026-08-07,5882,1804,63,Wearable Device,Good
P006,Frank Miller,2026-08-08,5056,1697,60,Manual Entry,Fair
P006,Frank Miller,2026-08-09,5177,1750,68,Wearable Device,Good
P006,Frank Miller,2026-08-10,5398,1558,63,Manual Entry,Fair
P006,Frank Miller,2026-08-11,5566,1591,60,Wearable Device,Good
P006,Frank Miller,2026-08-12,5140,1551,62,Wearable Device,Good
P006,Frank Miller,2026-08-13,5027,1643,55,Wearable Device,Good
P006,Frank Miller,2026-08-14,4860,1649,56,Wearable Device,Good
P006,Frank Miller,2026-08-15,5438,1520,58,Wearable Device,Good
P006,Frank Miller,2026-08-16,5127,1400,50,Wearable Device,Good
P006,Frank Miller,2026-08-17,4318,1632,53,Wearable Device,Good
P006,Frank Miller,2026-08-18,5471,1435,55,Wearable Device,Good
P006,Frank Miller,2026-08-19,5094,1657,61,Wearable Device,Good
P006,Frank Miller,2026-08-20,4922,1541,55,Wearable Device,Good
P006,Frank Miller,2026-08-21,4721,1368,49,Wearable Device,Good
P006,Frank Miller,2026-08-22,4414,1382,49,Wearable Device,Good
P006,Frank Miller,2026-08-23,4552,1466,50,Wearable Device,Good
P006,Frank Miller,2026-08-24,4715,1244,49,Wearable Device,Poor
P006,Frank Miller,2026-08-25,3984,1152,48,Wearable Device,Good
P006,Frank Miller,2026-08-26,4091,1450,50,Wearable Device,Good
P006,Frank Miller,2026-08-27,3748,1460,51,Wearable Device,Good
P006,Frank Miller,2026-08-28,4158,1240,43,Wearable Device,Good
P006,Frank Miller,2026-08-29,3800,1342,52,Wearable Device,Good
P006,Frank Miller,2026-08-30,4302,1169,40,Wearable Device,Good
P006,Frank Miller,2026-08-31,3930,1063,46,Wearable Device,Good
P006,Frank Miller,2026-09-01,3891,1202,40,Wearable Device,Good
P006,Frank Miller,2026-09-02,4138,1210,42,Wearable Device,Good
P006,Frank Miller,2026-09-03,3170,1274,53,Wearable Device,Good
P006,Frank Miller,2026-09-04,4578,1248,45,Wearable Device,Good
P006,Frank Miller,2026-09-05,4268,1212,49,Wearable Device,Good
P006,Frank Miller,2026-09-06,4405,1438,48,Wearable Device,Good
P006,Frank Miller,2026-09-07,4162,1254,46,Wearable Device,Good
P006,Frank Miller,2026-09-08,4204,1387,53,Wearable Device,Good
P006,Frank Miller,2026-09-09,4079,1509,49,Wearable Device,Good
P006,Frank Miller,2026-09-10,4361,1312,42,Wearable Device,Good
P006,Frank Miller,2026-09-11,4681,1468,50,Wearable Device,Good
P006,Frank Miller,2026-09-12,4484,1462,46,Wearable Device,Good
P006,Frank Miller,2026-09-13,4353,1504,48,Wearable Device,Good
P006,Frank Miller,2026-09-14,4648,1315,54,Wearable Device,Good
P006,Frank Miller,2026-09-15,4597,1305,57,Wearable Device,Good
P006,Frank Miller,2026-09-16,4435,1397,55,Wearable Device,Good
P006,Frank Miller,2026-09-17,5048,1393,55,Wearable Device,Good
P006,Frank Miller,2026-09-18,4880,1570,56,Wearable Device,Good
P006,Frank Miller,2026-09-19,4689,1441,56,Wearable Device,Good
P006,Frank Miller,2026-09-20,4526,1257,58,Wearable Device,Good
P006,Frank Miller,2026-09-21,5167,1325,53,Wearable Device,Good
P006,Frank Miller,2026-09-22,5129,1761,57,Wearable Device,Good
P006,Frank Miller,2026-09-23,4773,1563,63,Wearable Device,Good
P006,Frank Miller,2026-09-24,4846,1520,57,Wearable Device,Good
P006,Frank Miller,2026-09-25,4802,1622,65,Wearable Device,Good
P006,Frank Miller,2026-09-26,5232,1602,58,Wearable Device,Good
P006,Frank Miller,2026-09-27,4715,1725,60,Wearable Device,Good
P006,Frank Miller,2026-09-28,5177,1960,62,Wearable Device,Good
P006,Frank Miller,2026-09-29,5054,1631,65,Wearable Device,Good
P007,Grace Taylor,2026-07-02,4313,1529,69,Wearable Device,Good
P007,Grace Taylor,2026-07-03,6556,1917,52,Wearable Device,Good
P007,Grace Taylor,2026-07-04,6349,1597,63,Wearable Device,Good
P007,Grace Taylor,2026-07-05,4619,2060,64,Wearable Device,Good
P007,Grace Taylor,2026-07-06,5853,1951,83,Wearable Device,Good
P007,Grace Taylor,2026-07-07,5768,1609,57,Wearable Device,Good
P007,Grace Taylor,2026-07-08,6587,1990,58,Wearable Device,Good
P007,Grace Taylor,2026-07-09,4998,1694,55,Wearable Device,Good
P007,Grace Taylor,2026-07-10,5951,1606,51,Manual Entry,Poor
P007,Grace Taylor,2026-07-11,5234,2087,56,Wearable Device,Good
P007,Grace Taylor,2026-07-12,5480,1782,70,Wearable Device,Good
P007,Grace Taylor,2026-07-13,5665,1633,55,Wearable Device,Good
P007,Grace Taylor,2026-07-14,4389,2194,53,Wearable Device,Good
P007,Grace Taylor,2026-07-15,5648,1824,69,Wearable Device,Good
P007,Grace Taylor,2026-07-16,5300,2184,51,Wearable Device,Good
P007,Grace Taylor,2026-07-17,5400,1916,59,Wearable Device,Good
P007,Grace Taylor,2026-07-18,5657,1588,57,Wearable Device,Good
P007,Grace Taylor,2026-07-19,6007,1976,67,Wearable Device,Good
P007,Grace Taylor,2026-07-20,7016,1610,57,Wearable Device,Good
P007,Grace Taylor,2026-07-21,4166,1427,75,Wearable Device,Good
P007,Grace Taylor,2026-07-22,5360,1996,62,Wearable Device,Good
P007,Grace Taylor,2026-07-23,5913,1955,66,Wearable Device,Good
P007,Grace Taylor,2026-07-24,3989,2050,68,Wearable Device,Good
P007,Grace Taylor,2026-07-25,6584,1889,45,Wearable Device,Good
P007,Grace Taylor,2026-07-26,4804,1655,64,Wearable Device,Good
P007,Grace Taylor,2026-07-27,6898,1749,48,Manual Entry,Poor
P007,Grace Taylor,2026-07-28,5469,1523,59,Wearable Device,Good
P007,Grace Taylor,2026-07-29,6127,1328,53,Wearable Device,Good
P007,Grace Taylor,2026-07-30,6605,1729,66,Wearable Device,Good
P007,Grace Taylor,2026-07-31,4879,1497,60,Wearable Device,Good
P007,Grace Taylor,2026-08-01,5449,1314,45,Wearable Device,Good
P007,Grace Taylor,2026-08-02,5919,1928,61,Wearable Device,Good
P007,Grace Taylor,2026-08-03,6239,1472,53,Wearable Device,Good
P007,Grace Taylor,2026-08-04,4685,1719,54,Wearable Device,Good
P007,Grace Taylor,2026-08-05,5864,2059,60,Wearable Device,Good
P007,Grace Taylor,2026-08-06,5692,1773,63,Wearable Device,Good
P007,Grace Taylor,2026-08-07,5589,1646,43,Wearable Device,Good
P007,Grace Taylor,2026-08-08,5576,1437,52,Wearable Device,Good
P007,Grace Taylor,2026-08-09,5852,2152,68,Wearable Device,Good
P007,Grace Taylor,2026-08-10,4946,1636,62,Wearable Device,Good
P007,Grace Taylor,2026-08-11,6168,1254,45,Wearable Device,Good
P007,Grace Taylor,2026-08-12,6429,1595,58,Wearable Device,Good
P007,Grace Taylor,2026-08-13,6143,2055,58,Wearable Device,Good
P007,Grace Taylor,2026-08-14,4835,2111,54,Wearable Device,Good
P007,Grace Taylor,2026-08-15,5731,1808,59,Wearable Device,Good
P007,Grace Taylor,2026-08-16,5505,1672,56,Wearable Device,Good
P007,Grace Taylor,2026-08-17,6818,1624,56,Wearable Device,Good
P007,Grace Taylor,2026-08-18,5804,1814,49,Wearable Device,Good
P007,Grace Taylor,2026-08-19,5617,2268,64,Wearable Device,Good
P007,Grace Taylor,2026-08-20,5052,1541,55,Wearable Device,Good
P007,Grace Taylor,2026-08-21,6117,1761,51,Wearable Device,Good
P007,Grace Taylor,2026-08-22,5264,2199,64,Wearable Device,Good
P007,Grace Taylor,2026-08-23,5412,1316,64,Wearable Device,Good
P007,Grace Taylor,2026-08-24,5580,1600,56,Wearable Device,Good
P007,Grace Taylor,2026-08-25,5195,1692,59,Wearable Device,Good
P007,Grace Taylor,2026-08-26,6541,1533,72,Wearable Device,Good
P007,Grace Taylor,2026-08-27,8088,1756,62,Wearable Device,Fair
P007,Grace Taylor,2026-08-28,6032,1722,58,Wearable Device,Good
P007,Grace Taylor,2026-08-29,6435,950,61,Wearable Device,Good
P007,Grace Taylor,2026-08-30,5179,1941,63,Wearable Device,Good
P007,Grace Taylor,2026-08-31,4361,1919,64,Wearable Device,Good
P007,Grace Taylor,2026-09-01,5925,1810,66,Wearable Device,Good
P007,Grace Taylor,2026-09-02,6084,1972,52,Estimated,Poor
P007,Grace Taylor,2026-09-03,4885,1663,57,Wearable Device,Good
P007,Grace Taylor,2026-09-04,5675,1491,68,Wearable Device,Good
P007,Grace Taylor,2026-09-05,4870,1460,58,Wearable Device,Good
P007,Grace Taylor,2026-09-06,3846,1383,62,Wearable Device,Good
P007,Grace Taylor,2026-09-07,4420,1746,71,Wearable Device,Good
P007,Grace Taylor,2026-09-08,5094,1451,64,Wearable Device,Good
P007,Grace Taylor,2026-09-09,7776,1570,44,Wearable Device,Good
P007,Grace Taylor,2026-09-10,5162,1738,70,Wearable Device,Good
P007,Grace Taylor,2026-09-11,5492,1739,52,Wearable Device,Good
P007,Grace Taylor,2026-09-12,5249,1491,67,Wearable Device,Good
P007,Grace Taylor,2026-09-13,5659,1664,59,Wearable Device,Good
P007,Grace Taylor,2026-09-14,5019,1665,68,Wearable Device,Good
P007,Grace Taylor,2026-09-15,6519,1750,57,Wearable Device,Good
P007,Grace Taylor,2026-09-16,6493,1585,65,Wearable Device,Good
P007,Grace Taylor,2026-09-17,3605,1388,58,Wearable Device,Good
P007,Grace Taylor,2026-09-18,6698,1776,49,Wearable Device,Good
P007,Grace Taylor,2026-09-19,5437,1426,67,Wearable Device,Good
P007,Grace Taylor,2026-09-20,4755,1986,74,Wearable Device,Good
P007,Grace Taylor,2026-09-21,6026,1853,58,Wearable Device,Good
P007,Grace Taylor,2026-09-22,4673,1569,51,Wearable Device,Good
P007,Grace Taylor,2026-09-23,5342,1900,57,Wearable Device,Good
P007,Grace Taylor,2026-09-24,5951,1984,66,Wearable Device,Good
P007,Grace Taylor,2026-09-25,5516,1850,54,Wearable Device,Good
P007,Grace Taylor,2026-09-26,6777,1325,60,Wearable Device,Good
P007,Grace Taylor,2026-09-27,5701,2079,52,Wearable Device,Good
P007,Grace Taylor,2026-09-28,4144,2123,62,Wearable Device,Good
P007,Grace Taylor,2026-09-29,4991,1618,65,Wearable Device,Good
P008,Henry Anderson,2026-07-02,7083,2125,97,Wearable Device,Good
P008,Henry Anderson,2026-07-03,7927,2265,90,Wearable Device,Good
P008,Henry Anderson,2026-07-04,7195,1967,93,Wearable Device,Good
P008,Henry Anderson,2026-07-05,7674,2203,94,Wearable Device,Good
P008,Henry Anderson,2026-07-06,7380,2115,91,Wearable Device,Good
P008,Henry Anderson,2026-07-07,8283,1931,95,Wearable Device,Good
P008,Henry Anderson,2026-07-08,8258,2100,94,Wearable Device,Good
P008,Henry Anderson,2026-07-09,7365,2081,101,Wearable Device,Good
P008,Henry Anderson,2026-07-10,6670,2261,88,Wearable Device,Good
P008,Henry Anderson,2026-07-11,7400,2054,97,Wearable Device,Good
P008,Henry Anderson,2026-07-12,6900,2148,104,Wearable Device,Good
P008,Henry Anderson,2026-07-13,6988,2119,91,Wearable Device,Good
P008,Henry Anderson,2026-07-14,7659,2102,91,Wearable Device,Poor
P008,Henry Anderson,2026-07-15,7682,2289,94,Wearable Device,Good
P008,Henry Anderson,2026-07-16,7769,1964,90,Wearable Device,Good
P008,Henry Anderson,2026-07-17,7677,2255,96,Wearable Device,Good
P008,Henry Anderson,2026-07-18,7382,2099,89,Wearable Device,Good
P008,Henry Anderson,2026-07-19,7726,2192,92,Wearable Device,Good
P008,Henry Anderson,2026-07-20,7323,2127,92,Wearable Device,Good
P008,Henry Anderson,2026-07-21,7475,2320,93,Wearable Device,Good
P008,Henry Anderson,2026-07-22,7365,2032,98,Wearable Device,Good
P008,Henry Anderson,2026-07-23,7432,2031,101,Wearable Device,Good
P008,Henry Anderson,2026-07-24,8032,2036,86,Wearable Device,Good
P008,Henry Anderson,2026-07-25,7877,2028,98,Wearable Device,Good
P008,Henry Anderson,2026-07-26,6761,2193,89,Wearable Device,Good
P008,Henry Anderson,2026-07-27,7774,2101,90,Wearable Device,Good
P008,Henry Anderson,2026-07-28,7347,2172,95,Wearable Device,Good
P008,Henry Anderson,2026-07-29,7719,2307,87,Wearable Device,Good
P008,Henry Anderson,2026-07-30,8106,2110,90,Wearable Device,Good
P008,Henry Anderson,2026-07-31,7001,2080,99,Wearable Device,Good
P008,Henry Anderson,2026-08-01,7452,2258,88,Wearable Device,Good
P008,Henry Anderson,2026-08-02,7495,1968,96,Wearable Device,Good
P008,Henry Anderson,2026-08-03,7832,2055,82,Wearable Device,Good
P008,Henry Anderson,2026-08-04,7574,2145,96,Wearable Device,Good
P008,Henry Anderson,2026-08-05,7963,1987,98,Wearable Device,Good
P008,Henry Anderson,2026-08-06,7947,1913,96,Wearable Device,Good
P008,Henry Anderson,2026-08-07,7310,2091,96,Wearable Device,Good
P008,Henry Anderson,2026-08-08,7317,2029,95,Wearable Device,Good
P008,Henry Anderson,2026-08-09,7092,1985,98,Wearable Device,Good
P008,Henry Anderson,2026-08-10,7069,2169,97,Wearable Device,Good
P008,Henry Anderson,2026-08-11,6852,2028,100,Wearable Device,Good
P008,Henry Anderson,2026-08-12,7132,2051,97,Wearable Device,Good
P008,Henry Anderson,2026-08-13,7793,2073,92,Wearable Device,Good
P008,Henry Anderson,2026-08-14,8033,2282,99,Wearable Device,Fair
P008,Henry Anderson,2026-08-15,7531,2015,91,Wearable Device,Good
P008,Henry Anderson,2026-08-16,7695,2143,101,Wearable Device,Good
P008,Henry Anderson,2026-08-17,7743,1942,99,Wearable Device,Good
P008,Henry Anderson,2026-08-18,7125,2059,96,Wearable Device,Good
P008,Henry Anderson,2026-08-19,8248,2426,97,Wearable Device,Good
P008,Henry Anderson,2026-08-20,7431,2156,99,Wearable Device,Good
P008,Henry Anderson,2026-08-21,7379,2288,96,Estimated,Fair
P008,Henry Anderson,2026-08-22,7686,2169,97,Wearable Device,Good
P008,Henry Anderson,2026-08-23,7814,2035,92,Wearable Device,Good
P008,Henry Anderson,2026-08-24,7087,2146,98,Wearable Device,Good
P008,Henry Anderson,2026-08-25,7671,2275,94,Wearable Device,Good
P008,Henry Anderson,2026-08-26,7750,1985,93,Wearable Device,Good
P008,Henry Anderson,2026-08-27,7760,2189,93,Wearable Device,Good
P008,Henry Anderson,2026-08-28,7473,1940,93,Wearable Device,Good
P008,Henry Anderson,2026-08-29,7833,2160,97,Wearable Device,Good
P008,Henry Anderson,2026-08-30,7518,2100,91,Wearable Device,Good
P008,Henry Anderson,2026-08-31,7762,2144,97,Wearable Device,Good
P008,Henry Anderson,2026-09-01,7302,1873,100,Wearable Device,Good
P008,Henry Anderson,2026-09-02,7320,2009,98,Wearable Device,Good
P008,Henry Anderson,2026-09-03,7352,2211,97,Wearable Device,Good
P008,Henry Anderson,2026-09-04,7756,1956,100,Wearable Device,Good
P008,Henry Anderson,2026-09-05,7597,2061,95,Wearable Device,Good
P008,Henry Anderson,2026-09-06,6833,2142,90,Wearable Device,Good
P008,Henry Anderson,2026-09-07,6992,1940,100,Wearable Device,Good
P008,Henry Anderson,2026-09-08,7264,2261,92,Estimated,Fair
P008,Henry Anderson,2026-09-09,6859,1982,100,Wearable Device,Good
P009,Isabel Garcia,2026-07-02,4762,1458,50,Wearable Device,Good
P009,Isabel Garcia,2026-07-03,4920,1583,53,Wearable Device,Good
P009,Isabel Garcia,2026-07-04,4713,1400,48,Wearable Device,Good
P009,Isabel Garcia,2026-07-05,4862,1427,47,Wearable Device,Good
P009,Isabel Garcia,2026-07-06,4882,1496,50,Estimated,Poor
P009,Isabel Garcia,2026-07-07,4617,1482,47,Wearable Device,Good
P009,Isabel Garcia,2026-07-08,5013,1577,45,Wearable Device,Good
P009,Isabel Garcia,2026-07-09,4576,1387,48,Wearable Device,Good
P009,Isabel Garcia,2026-07-10,4779,1391,47,Wearable Device,Good
P009,Isabel Garcia,2026-07-11,4559,1515,50,Wearable Device,Good
P009,Isabel Garcia,2026-07-12,4626,1513,48,Wearable Device,Good
P009,Isabel Garcia,2026-07-13,4734,1625,53,Wearable Device,Good
P009,Isabel Garcia,2026-07-14,4488,1562,52,Wearable Device,Good
P009,Isabel Garcia,2026-07-15,4524,1561,53,Wearable Device,Good
P009,Isabel Garcia,2026-07-16,4530,1431,52,Wearable Device,Good
P009,Isabel Garcia,2026-07-17,4865,1541,50,Wearable Device,Good
P009,Isabel Garcia,2026-07-18,4893,1400,52,Wearable Device,Fair
P009,Isabel Garcia,2026-07-19,5080,1482,49,Wearable Device,Good
P009,Isabel Garcia,2026-07-20,4432,1538,51,Wearable Device,Good
P009,Isabel Garcia,2026-07-21,4785,1584,49,Wearable Device,Good
P009,Isabel Garcia,2026-07-22,4935,1423,49,Wearable Device,Good
P009,Isabel Garcia,2026-07-23,4758,1516,49,Wearable Device,Good
P009,Isabel Garcia,2026-07-24,4768,1561,48,Wearable Device,Good
P009,Isabel Garcia,2026-07-25,4414,1631,53,Wearable Device,Good
P009,Isabel Garcia,2026-07-26,4489,1551,48,Wearable Device,Good
P009,Isabel Garcia,2026-07-27,4863,1522,49,Wearable Device,Good
P009,Isabel Garcia,2026-07-28,4611,1448,47,Wearable Device,Good
P009,Isabel Garcia,2026-07-29,4600,1494,48,Wearable Device,Good
P009,Isabel Garcia,2026-07-30,4963,1611,48,Wearable Device,Good
P009,Isabel Garcia,2026-07-31,4857,1537,51,Wearable Device,Good
P009,Isabel Garcia,2026-08-01,4818,1555,51,Wearable Device,Good
P009,Isabel Garcia,2026-08-02,4502,1565,52,Wearable Device,Good
P009,Isabel Garcia,2026-08-03,4616,1502,51,Wearable Device,Good
P009,Isabel Garcia,2026-08-04,4749,1580,55,Wearable Device,Good
P009,Isabel Garcia,2026-08-05,4611,1396,50,Wearable Device,Good
P009,Isabel Garcia,2026-08-06,4973,1482,53,Wearable Device,Good
P009,Isabel Garcia,2026-08-07,4478,1551,48,Wearable Device,Good
P009,Isabel Garcia,2026-08-08,5212,1649,48,Wearable Device,Good
P009,Isabel Garcia,2026-08-09,4668,1564,49,Wearable Device,Good
P009,Isabel Garcia,2026-08-10,4789,1501,45,Wearable Device,Good
P009,Isabel Garcia,2026-08-11,4796,1448,48,Wearable Device,Good
P009,Isabel Garcia,2026-08-12,5146,1405,52,Wearable Device,Good
P009,Isabel Garcia,2026-08-13,4733,1479,51,Wearable Device,Good
P009,Isabel Garcia,2026-08-14,4881,1542,52,Wearable Device,Good
P009,Isabel Garcia,2026-08-15,4720,1454,47,Wearable Device,Good
P009,Isabel Garcia,2026-08-16,4601,1721,53,Wearable Device,Good
P009,Isabel Garcia,2026-08-17,4475,1400,51,Wearable Device,Good
P009,Isabel Garcia,2026-08-18,4931,1541,49,Wearable Device,Good
P009,Isabel Garcia,2026-08-19,4769,1524,50,Wearable Device,Good
P009,Isabel Garcia,2026-08-20,4267,1482,47,Wearable Device,Good
P009,Isabel Garcia,2026-08-21,4842,1723,50,Wearable Device,Good
P009,Isabel Garcia,2026-08-22,4724,1569,51,Wearable Device,Good
P009,Isabel Garcia,2026-08-23,4900,1545,55,Wearable Device,Good
P009,Isabel Garcia,2026-08-24,4528,1535,47,Wearable Device,Good
P009,Isabel Garcia,2026-08-25,4933,1431,48,Wearable Device,Good
P009,Isabel Garcia,2026-08-26,4729,1573,52,Wearable Device,Good
P009,Isabel Garcia,2026-08-27,4501,1504,48,Wearable Device,Good
P009,Isabel Garcia,2026-08-28,4497,1483,49,Wearable Device,Good
P009,Isabel Garcia,2026-08-29,5382,1532,46,Wearable Device,Good
P009,Isabel Garcia,2026-08-30,4664,1576,55,Wearable Device,Good
P009,Isabel Garcia,2026-08-31,4419,1359,54,Wearable Device,Good
P009,Isabel Garcia,2026-09-01,4893,1434,51,Wearable Device,Good
P009,Isabel Garcia,2026-09-02,4167,1500,50,Wearable Device,Poor
P009,Isabel Garcia,2026-09-03,5021,1423,50,Wearable Device,Good
P009,Isabel Garcia,2026-09-04,4577,1519,47,Wearable Device,Good
P009,Isabel Garcia,2026-09-05,4702,1425,51,Wearable Device,Good
P009,Isabel Garcia,2026-09-06,5006,1482,50,Wearable Device,Good
P009,Isabel Garcia,2026-09-07,4452,1477,49,Wearable Device,Good
P009,Isabel Garcia,2026-09-08,5428,1416,53,Wearable Device,Good
P009,Isabel Garcia,2026-09-09,5039,1521,54,Wearable Device,Good
P009,Isabel Garcia,2026-09-10,4889,1529,49,Wearable Device,Good
P009,Isabel Garcia,2026-09-11,5093,1582,48,Wearable Device,Good
P009,Isabel Garcia,2026-09-12,4483,1484,47,Wearable Device,Good
P009,Isabel Garcia,2026-09-13,4784,1592,48,Wearable Device,Good
P009,Isabel Garcia,2026-09-14,4789,1504,52,Wearable Device,Good
P009,Isabel Garcia,2026-09-15,4260,1454,50,Wearable Device,Good
P009,Isabel Garcia,2026-09-16,5088,1463,45,Wearable Device,Good
P009,Isabel Garcia,2026-09-17,4948,1452,47,Estimated,Fair
P009,Isabel Garcia,2026-09-18,4650,1486,48,Wearable Device,Good
P009,Isabel Garcia,2026-09-19,4270,1567,53,Wearable Device,Good
P009,Isabel Garcia,2026-09-20,4956,1414,49,Wearable Device,Good
P009,Isabel Garcia,2026-09-21,4798,1544,51,Wearable Device,Good
P009,Isabel Garcia,2026-09-22,4623,1506,51,Wearable Device,Good
P009,Isabel Garcia,2026-09-23,5149,1552,51,Wearable Device,Good
P009,Isabel Garcia,2026-09-24,4820,1605,51,Wearable Device,Good
P009,Isabel Garcia,2026-09-25,4593,1605,51,Wearable Device,Good
P009,Isabel Garcia,2026-09-26,4693,1464,50,Wearable Device,Good
P010,Jack Thompson,2026-07-02,6957,2019,81,Wearable Device,Good
P010,Jack Thompson,2026-07-03,7377,2107,80,Wearable Device,Good
P010,Jack Thompson,2026-07-04,7120,1896,81,Wearable Device,Good
P010,Jack Thompson,2026-07-05,7415,1978,76,Wearable Device,Good
P010,Jack Thompson,2026-07-06,6578,1891,76,Wearable Device,Good
P010,Jack Thompson,2026-07-07,6674,1859,80,Wearable Device,Good
P010,Jack Thompson,2026-07-08,7106,1909,86,Wearable Device,Good
P010,Jack Thompson,2026-07-09,6973,2103,77,Wearable Device,Good
P010,Jack Thompson,2026-07-10,7090,1890,83,Wearable Device,Good
P010,Jack Thompson,2026-07-11,6858,2055,75,Wearable Device,Good
P010,Jack Thompson,2026-07-12,6495,2059,76,Wearable Device,Good
P010,Jack Thompson,2026-07-13,6957,1863,83,Wearable Device,Good
P010,Jack Thompson,2026-07-14,6380,2055,82,Wearable Device,Good
P010,Jack Thompson,2026-07-15,6563,2058,81,Wearable Device,Good
P010,Jack Thompson,2026-07-16,6616,1899,72,Wearable Device,Good
P010,Jack Thompson,2026-07-17,6918,1843,80,Wearable Device,Good
P010,Jack Thompson,2026-07-18,6710,2067,78,Wearable Device,Good
P010,Jack Thompson,2026-07-19,6687,2073,81,Wearable Device,Good
P010,Jack Thompson,2026-07-20,6907,2046,73,Wearable Device,Good
P010,Jack Thompson,2026-07-21,7057,2061,75,Manual Entry,Poor
P010,Jack Thompson,2026-07-22,6717,1996,79,Wearable Device,Good
P010,Jack Thompson,2026-07-23,6913,2143,84,Wearable Device,Good
P010,Jack Thompson,2026-07-24,6353,2062,85,Wearable Device,Good
P010,Jack Thompson,2026-07-25,6931,2109,88,Wearable Device,Good
P010,Jack Thompson,2026-07-26,7148,2024,84,Wearable Device,Good
P010,Jack Thompson,2026-07-27,6849,2002,78,Wearable Device,Good
P010,Jack Thompson,2026-07-28,7331,1918,86,Wearable Device,Good
P010,Jack Thompson,2026-07-29,6969,1860,81,Wearable Device,Good
P010,Jack Thompson,2026-07-30,6085,2062,83,Wearable Device,Good
P010,Jack Thompson,2026-07-31,6598,2012,87,Wearable Device,Good
P010,Jack Thompson,2026-08-01,6628,1894,85,Wearable Device,Good
P010,Jack Thompson,2026-08-02,7467,2000,84,Wearable Device,Good
P010,Jack Thompson,2026-08-03,7256,1925,78,Wearable Device,Good
P010,Jack Thompson,2026-08-04,7218,2168,82,Wearable Device,Good
P010,Jack Thompson,2026-08-05,6500,2198,77,Wearable Device,Good
P010,Jack Thompson,2026-08-06,6686,2034,86,Wearable Device,Good
P010,Jack Thompson,2026-08-07,7090,2041,81,Estimated,Poor
P010,Jack Thompson,2026-08-08,6814,2055,69,Wearable Device,Good
P010,Jack Thompson,2026-08-09,6699,2024,75,Wearable Device,Good
P010,Jack Thompson,2026-08-10,6931,1979,87,Wearable Device,Good
P010,Jack Thompson,2026-08-11,7334,1953,79,Wearable Device,Good
P010,Jack Thompson,2026-08-12,6774,1954,80,Wearable Device,Good
P010,Jack Thompson,2026-08-13,6542,1886,82,Wearable Device,Good
P010,Jack Thompson,2026-08-14,7014,1919,83,Wearable Device,Good
P010,Jack Thompson,2026-08-15,6585,2025,83,Wearable Device,Good
P010,Jack Thompson,2026-08-16,6788,2045,77,Wearable Device,Good
P010,Jack Thompson,2026-08-17,6733,1979,77,Wearable Device,Good
P010,Jack Thompson,2026-08-18,6739,1845,78,Wearable Device,Good
P010,Jack Thompson,2026-08-19,6703,1974,79,Wearable Device,Good
P010,Jack Thompson,2026-08-20,6779,2047,83,Wearable Device,Good
P010,Jack Thompson,2026-08-21,6579,1879,75,Wearable Device,Good
P010,Jack Thompson,2026-08-22,6634,1964,76,Wearable Device,Good
P010,Jack Thompson,2026-08-23,6359,1954,80,Wearable Device,Good
P010,Jack Thompson,2026-08-24,7002,1944,78,Wearable Device,Good
P010,Jack Thompson,2026-08-25,6484,1996,76,Wearable Device,Good
P010,Jack Thompson,2026-08-26,6994,1821,78,Wearable Device,Good
P010,Jack Thompson,2026-08-27,6902,2018,90,Wearable Device,Good
P010,Jack Thompson,2026-08-28,6918,1899,79,Wearable Device,Good
P010,Jack Thompson,2026-08-29,6196,1991,76,Wearable Device,Good
P010,Jack Thompson,2026-08-30,7111,1945,79,Wearable Device,Good
P010,Jack Thompson,2026-08-31,6583,2173,78,Estimated,Poor
P010,Jack Thompson,2026-09-01,7423,2081,81,Wearable Device,Good
P010,Jack Thompson,2026-09-02,6925,2039,72,Wearable Device,Good
P010,Jack Thompson,2026-09-03,6705,2084,79,Wearable Device,Good
P010,Jack Thompson,2026-09-04,6322,1994,86,Wearable Device,Good
P010,Jack Thompson,2026-09-05,7223,1993,83,Wearable Device,Good
P010,Jack Thompson,2026-09-06,6675,1829,76,Wearable Device,Good
P010,Jack Thompson,2026-09-07,7331,1972,79,Wearable Device,Good
P010,Jack Thompson,2026-09-08,6698,2190,86,Wearable Device,Good
P010,Jack Thompson,2026-09-09,7554,1984,81,Wearable Device,Good
P010,Jack Thompson,2026-09-10,6284,2147,75,Wearable Device,Good
P010,Jack Thompson,2026-09-11,6873,1890,77,Wearable Device,Good
P010,Jack Thompson,2026-09-12,6515,1939,77,Wearable Device,Good
P010,Jack Thompson,2026-09-13,6613,2083,75,Manual Entry,Poor
P010,Jack Thompson,2026-09-14,6874,2121,77,Wearable Device,Good
P010,Jack Thompson,2026-09-15,6555,1976,84,Wearable Device,Good
P010,Jack Thompson,2026-09-16,6865,1946,81,Wearable Device,Good
P010,Jack Thompson,2026-09-17,6425,2068,81,Wearable Device,Good
P010,Jack Thompson,2026-09-18,6695,1916,76,Wearable Device,Good
P010,Jack Thompson,2026-09-19,6981,2122,77,Wearable Device,Good
P010,Jack Thompson,2026-09-20,6955,1791,77,Wearable Device,Good
P010,Jack Thompson,2026-09-21,6789,1909,76,Wearable Device,Good
P010,Jack Thompson,2026-09-22,6402,1979,77,Wearable Device,Good
P010,Jack Thompson,2026-09-23,5699,1687,73,Wearable Device,Good
P010,Jack Thompson,2026-09-24,6445,1575,72,Wearable Device,Good
P010,Jack Thompson,2026-09-25,5941,1938,70,Wearable Device,Good
P010,Jack Thompson,2026-09-26,6080,1764,61,Wearable Device,Good
P010,Jack Thompson,2026-09-27,6041,1721,70,Wearable Device,Good
P010,Jack Thompson,2026-09-28,6944,1441,72,Wearable Device,Good
P010,Jack Thompson,2026-09-29,5342,1628,63,Wearable Device,Good
P011,Karen White,2026-07-02,5089,1845,69,Wearable Device,Good
P011,Karen White,2026-07-03,4805,1971,66,Wearable Device,Good
P011,Karen White,2026-07-04,4906,1857,72,Wearable Device,Good
P011,Karen White,2026-07-05,5060,1934,65,Wearable Device,Good
P011,Karen White,2026-07-06,5397,1965,74,Wearable Device,Good
P011,Karen White,2026-07-07,5154,1963,68,Wearable Device,Good
P011,Karen White,2026-07-08,5536,1831,70,Wearable Device,Good
P011,Karen White,2026-07-09,5149,1893,68,Wearable Device,Good
P011,Karen White,2026-07-10,5265,1888,68,Wearable Device,Good
P011,Karen White,2026-07-11,5610,1993,70,Wearable Device,Good
P011,Karen White,2026-07-12,5081,1815,71,Wearable Device,Good
P011,Karen White,2026-07-13,5427,2039,65,Wearable Device,Good
P011,Karen White,2026-07-14,5140,1744,66,Wearable Device,Good
P011,Karen White,2026-07-15,5459,1855,70,Estimated,Fair
P011,Karen White,2026-07-16,5150,1930,64,Wearable Device,Good
P011,Karen White,2026-07-17,5222,1615,67,Wearable Device,Good
P011,Karen White,2026-07-18,4776,2014,70,Wearable Device,Good
P011,Karen White,2026-07-19,5321,2044,64,Wearable Device,Good
P011,Karen White,2026-07-20,5654,1988,67,Wearable Device,Good
P011,Karen White,2026-07-21,5495,1794,65,Wearable Device,Good
P011,Karen White,2026-07-22,5041,1849,64,Wearable Device,Good
P011,Karen White,2026-07-23,5518,1875,69,Wearable Device,Good
P011,Karen White,2026-07-24,5051,1727,68,Wearable Device,Good
P011,Karen White,2026-07-25,4702,1893,63,Wearable Device,Good
P011,Karen White,2026-07-26,5716,1986,68,Wearable Device,Good
P011,Karen White,2026-07-27,5528,1819,69,Wearable Device,Good
P011,Karen White,2026-07-28,5251,1925,72,Wearable Device,Good
P011,Karen White,2026-07-29,5390,1927,62,Wearable Device,Good
P011,Karen White,2026-07-30,4950,1888,68,Wearable Device,Good
P011,Karen White,2026-07-31,4906,2129,73,Wearable Device,Good
P011,Karen White,2026-08-01,5356,1906,67,Wearable Device,Good
P011,Karen White,2026-08-02,4952,1907,68,Wearable Device,Good
P011,Karen White,2026-08-03,4877,1931,67,Estimated,Fair
P011,Karen White,2026-08-04,4703,1818,66,Wearable Device,Good
P011,Karen White,2026-08-05,5690,1952,63,Wearable Device,Good
P011,Karen White,2026-08-06,5326,1753,71,Wearable Device,Good
P011,Karen White,2026-08-07,5077,1891,72,Wearable Device,Good
P011,Karen White,2026-08-08,4865,1767,66,Wearable Device,Good
P011,Karen White,2026-08-09,5469,1755,58,Wearable Device,Good
P011,Karen White,2026-08-10,5082,1952,72,Wearable Device,Good
P011,Karen White,2026-08-11,5079,1860,71,Wearable Device,Good
P011,Karen White,2026-08-12,4713,1863,68,Wearable Device,Good
P011,Karen White,2026-08-13,5316,1851,68,Wearable Device,Good
P011,Karen White,2026-08-14,4553,1837,69,Wearable Device,Good
P011,Karen White,2026-08-15,4944,1905,69,Wearable Device,Good
P011,Karen White,2026-08-16,5110,1916,64,Wearable Device,Good
P011,Karen White,2026-08-17,5146,1957,68,Wearable Device,Good
P011,Karen White,2026-08-18,5047,1921,70,Wearable Device,Good
P011,Karen White,2026-08-19,4667,2010,66,Wearable Device,Good
P011,Karen White,2026-08-20,5310,2013,63,Wearable Device,Good
P011,Karen White,2026-08-21,5015,1872,65,Wearable Device,Good
P011,Karen White,2026-08-22,5651,1818,66,Wearable Device,Good
P011,Karen White,2026-08-23,5253,1785,66,Wearable Device,Good
P011,Karen White,2026-08-24,5282,1868,67,Wearable Device,Good
P011,Karen White,2026-08-25,5062,1756,69,Wearable Device,Good
P011,Karen White,2026-08-26,5656,1901,68,Wearable Device,Good
P011,Karen White,2026-08-27,5380,1779,73,Wearable Device,Good
P011,Karen White,2026-08-28,5252,2055,65,Wearable Device,Good
P011,Karen White,2026-08-29,5672,1973,69,Wearable Device,Good
P011,Karen White,2026-08-30,5260,1876,72,Wearable Device,Good
P011,Karen White,2026-08-31,5236,1713,64,Wearable Device,Good
P011,Karen White,2026-09-01,5151,1929,67,Wearable Device,Good
P011,Karen White,2026-09-02,5516,1714,68,Wearable Device,Good
P011,Karen White,2026-09-03,4727,1972,67,Wearable Device,Good
P011,Karen White,2026-09-04,5309,1817,72,Wearable Device,Good
P011,Karen White,2026-09-05,5470,1955,67,Wearable Device,Good
P011,Karen White,2026-09-06,5350,1832,70,Wearable Device,Good
P011,Karen White,2026-09-07,5628,2001,65,Wearable Device,Good
P011,Karen White,2026-09-08,5293,1777,69,Wearable Device,Good
P011,Karen White,2026-09-09,5317,1722,64,Wearable Device,Good
P011,Karen White,2026-09-10,5126,1871,63,Wearable Device,Good
P011,Karen White,2026-09-11,5301,1923,67,Wearable Device,Good
P011,Karen White,2026-09-12,5003,1999,73,Wearable Device,Good
P011,Karen White,2026-09-13,5074,1841,69,Wearable Device,Good
P011,Karen White,2026-09-14,5106,1886,70,Wearable Device,Good
P011,Karen White,2026-09-15,4703,2025,68,Wearable Device,Good
P011,Karen White,2026-09-16,5093,1891,67,Wearable Device,Good
P011,Karen White,2026-09-17,4749,2042,68,Wearable Device,Good
P011,Karen White,2026-09-18,5315,1990,64,Wearable Device,Good
P011,Karen White,2026-09-19,5323,1874,70,Wearable Device,Good
P011,Karen White,2026-09-20,4646,1890,65,Wearable Device,Good
P011,Karen White,2026-09-21,5312,1944,65,Wearable Device,Good
P011,Karen White,2026-09-22,5014,1889,64,Wearable Device,Good
P011,Karen White,2026-09-23,5418,1864,58,Wearable Device,Good
P011,Karen White,2026-09-24,5102,1801,62,Wearable Device,Good
P011,Karen White,2026-09-25,4878,1910,72,Wearable Device,Good
P011,Karen White,2026-09-26,5281,1842,69,Wearable Device,Good
P011,Karen White,2026-09-27,5080,1834,64,Wearable Device,Good
P011,Karen White,2026-09-28,4744,1862,68,Wearable Device,Good
P011,Karen White,2026-09-29,5174,1860,64,Wearable Device,Good
P012,Luke Martinez,2026-07-02,8037,2148,91,Wearable Device,Good
P012,Luke Martinez,2026-07-03,7409,2213,81,Wearable Device,Good
P012,Luke Martinez,2026-07-04,7604,2412,90,Manual Entry,Poor
P012,Luke Martinez,2026-07-05,8181,2360,83,Wearable Device,Good
P012,Luke Martinez,2026-07-06,7670,2210,93,Wearable Device,Good
P012,Luke Martinez,2026-07-07,7333,2402,91,Wearable Device,Good
P012,Luke Martinez,2026-07-08,8513,2252,91,Wearable Device,Good
P012,Luke Martinez,2026-07-09,8689,2228,81,Wearable Device,Good
P012,Luke Martinez,2026-07-10,7066,2381,79,Wearable Device,Good
P012,Luke Martinez,2026-07-11,7654,2350,88,Wearable Device,Good
P012,Luke Martinez,2026-07-12,7965,2325,93,Wearable Device,Good
P012,Luke Martinez,2026-07-13,7428,2222,84,Wearable Device,Good
P012,Luke Martinez,2026-07-14,8123,2403,89,Wearable Device,Good
P012,Luke Martinez,2026-07-15,8261,2164,95,Wearable Device,Good
P012,Luke Martinez,2026-07-16,8394,2384,95,Wearable Device,Good
P012,Luke Martinez,2026-07-17,7153,2239,84,Wearable Device,Good
P012,Luke Martinez,2026-07-18,8081,2179,91,Wearable Device,Good
P012,Luke Martinez,2026-07-19,8334,2379,89,Wearable Device,Good
P012,Luke Martinez,2026-07-20,7414,2202,93,Estimated,Poor
P012,Luke Martinez,2026-07-21,8103,2295,86,Wearable Device,Good
P012,Luke Martinez,2026-07-22,7009,2176,96,Wearable Device,Good
P012,Luke Martinez,2026-07-23,7300,2321,92,Wearable Device,Good
P012,Luke Martinez,2026-07-24,7310,2321,92,Wearable Device,Good
P012,Luke Martinez,2026-07-25,7804,2629,80,Wearable Device,Good
P012,Luke Martinez,2026-07-26,8212,2280,91,Wearable Device,Good
P012,Luke Martinez,2026-07-27,7972,2215,89,Wearable Device,Good
P012,Luke Martinez,2026-07-28,7075,2369,89,Wearable Device,Good
P012,Luke Martinez,2026-07-29,8049,2421,89,Wearable Device,Good
P012,Luke Martinez,2026-07-30,7857,2198,84,Wearable Device,Good
P012,Luke Martinez,2026-07-31,8262,2465,86,Wearable Device,Good
P012,Luke Martinez,2026-08-01,7817,2195,93,Wearable Device,Good
P012,Luke Martinez,2026-08-02,8059,2523,84,Wearable Device,Good
P012,Luke Martinez,2026-08-03,7652,2326,90,Wearable Device,Good
P012,Luke Martinez,2026-08-04,7715,2199,91,Wearable Device,Good
P012,Luke Martinez,2026-08-05,8081,2194,93,Wearable Device,Good
P012,Luke Martinez,2026-08-06,8256,2315,88,Wearable Device,Good
P012,Luke Martinez,2026-08-07,8016,2200,88,Wearable Device,Good
P012,Luke Martinez,2026-08-08,6960,2400,81,Wearable Device,Good
P012,Luke Martinez,2026-08-09,8386,2262,87,Wearable Device,Good
P012,Luke Martinez,2026-08-10,7555,2266,94,Wearable Device,Good
P012,Luke Martinez,2026-08-11,6829,2446,89,Wearable Device,Good
P012,Luke Martinez,2026-08-12,7329,2176,95,Wearable Device,Good
P012,Luke Martinez,2026-08-13,7431,2167,93,Wearable Device,Good
P012,Luke Martinez,2026-08-14,7932,2192,88,Wearable Device,Good
P012,Luke Martinez,2026-08-15,7399,2426,92,Wearable Device,Good
P012,Luke Martinez,2026-08-16,8007,2341,95,Wearable Device,Good
P012,Luke Martinez,2026-08-17,7799,2164,89,Wearable Device,Good
P012,Luke Martinez,2026-08-18,8613,2183,86,Wearable Device,Good
P012,Luke Martinez,2026-08-19,7962,2293,83,Wearable Device,Good
P012,Luke Martinez,2026-08-20,8237,2566,88,Wearable Device,Good
P012,Luke Martinez,2026-08-21,7447,2121,89,Wearable Device,Good
P012,Luke Martinez,2026-08-22,8230,2354,87,Wearable Device,Good
P012,Luke Martinez,2026-08-23,7570,2174,91,Wearable Device,Good
P012,Luke Martinez,2026-08-24,8156,2122,94,Wearable Device,Good
P012,Luke Martinez,2026-08-25,8023,2460,82,Wearable Device,Good
P012,Luke Martinez,2026-08-26,7267,2282,90,Wearable Device,Good
P012,Luke Martinez,2026-08-27,8500,2381,86,Wearable Device,Good
P012,Luke Martinez,2026-08-28,7399,2441,83,Wearable Device,Good
P012,Luke Martinez,2026-08-29,8435,2267,94,Wearable Device,Good
P012,Luke Martinez,2026-08-30,8064,2284,85,Wearable Device,Good
P012,Luke Martinez,2026-08-31,7667,2349,88,Wearable Device,Good
P012,Luke Martinez,2026-09-01,7568,2280,88,Wearable Device,Good
P012,Luke Martinez,2026-09-02,6969,2352,83,Wearable Device,Good
P012,Luke Martinez,2026-09-03,7350,2105,80,Wearable Device,Good
P012,Luke Martinez,2026-09-04,7271,2218,96,Wearable Device,Good
P012,Luke Martinez,2026-09-05,7594,2320,89,Wearable Device,Good
P012,Luke Martinez,2026-09-06,7851,2291,82,Wearable Device,Good
P012,Luke Martinez,2026-09-07,8365,2507,80,Wearable Device,Good
P012,Luke Martinez,2026-09-08,7400,2267,83,Wearable Device,Good
P012,Luke Martinez,2026-09-09,7997,2216,97,Wearable Device,Good
P012,Luke Martinez,2026-09-10,8264,2324,92,Wearable Device,Good
P012,Luke Martinez,2026-09-11,8231,2235,84,Wearable Device,Good
P012,Luke Martinez,2026-09-12,7830,2399,88,Wearable Device,Good
P012,Luke Martinez,2026-09-13,7184,2207,87,Wearable Device,Good
P012,Luke Martinez,2026-09-14,7770,2526,81,Wearable Device,Good
P012,Luke Martinez,2026-09-15,7997,2471,97,Wearable Device,Good
P012,Luke Martinez,2026-09-16,7642,2356,90,Wearable Device,Good
P012,Luke Martinez,2026-09-17,7876,2288,89,Wearable Device,Good
P012,Luke Martinez,2026-09-18,6656,2378,88,Wearable Device,Good
P012,Luke Martinez,2026-09-19,7401,2535,85,Wearable Device,Good
P012,Luke Martinez,2026-09-20,7174,2529,84,Wearable Device,Good
P012,Luke Martinez,2026-09-21,6961,2283,91,Wearable Device,Good
P012,Luke Martinez,2026-09-22,7101,2151,85,Wearable Device,Good
P012,Luke Martinez,2026-09-23,6627,2291,89,Wearable Device,Good
P012,Luke Martinez,2026-09-24,6871,2095,92,Wearable Device,Good
P012,Luke Martinez,2026-09-25,6650,2459,89,Wearable Device,Good
P012,Luke Martinez,2026-09-26,6825,2353,93,Wearable Device,Good
P012,Luke Martinez,2026-09-27,6443,2288,97,Wearable Device,Good
P012,Luke Martinez,2026-09-28,6430,2365,82,Wearable Device,Good
P012,Luke Martinez,2026-09-29,5425,2333,88,Wearable Device,Good
P013,Maria Rodriguez,2026-07-02,4071,1611,56,Wearable Device,Poor
P013,Maria Rodriguez,2026-07-03,4346,1508,51,Wearable Device,Good
P013,Maria Rodriguez,2026-07-04,4030,1568,50,Wearable Device,Good
P013,Maria Rodriguez,2026-07-05,4099,1499,51,Wearable Device,Good
P013,Maria Rodriguez,2026-07-06,4082,1365,57,Wearable Device,Good
P013,Maria Rodriguez,2026-07-07,4428,1569,52,Wearable Device,Good
P013,Maria Rodriguez,2026-07-08,3953,1735,56,Wearable Device,Good
P013,Maria Rodriguez,2026-07-09,4232,1681,52,Wearable Device,Good
P013,Maria Rodriguez,2026-07-10,3919,1567,52,Wearable Device,Good
P013,Maria Rodriguez,2026-07-11,4104,1582,51,Wearable Device,Good
P013,Maria Rodriguez,2026-07-12,4183,1604,49,Wearable Device,Good
P013,Maria Rodriguez,2026-07-13,4049,1497,54,Wearable Device,Good
P013,Maria Rodriguez,2026-07-14,3757,1692,55,Wearable Device,Good
P013,Maria Rodriguez,2026-07-15,4136,1391,51,Wearable Device,Good
P013,Maria Rodriguez,2026-07-16,4186,1519,50,Wearable Device,Good
P013,Maria Rodriguez,2026-07-17,4521,1653,49,Wearable Device,Good
P013,Maria Rodriguez,2026-07-18,3864,1573,51,Wearable Device,Good
P013,Maria Rodriguez,2026-07-19,4304,1557,53,Wearable Device,Good
P013,Maria Rodriguez,2026-07-20,4606,1665,51,Wearable Device,Good
P013,Maria Rodriguez,2026-07-21,4161,1571,55,Wearable Device,Good
P013,Maria Rodriguez,2026-07-22,4068,1603,52,Wearable Device,Good
P013,Maria Rodriguez,2026-07-23,4094,1490,52,Wearable Device,Good
P013,Maria Rodriguez,2026-07-24,4187,1640,50,Estimated,Fair
P013,Maria Rodriguez,2026-07-25,4456,1529,56,Wearable Device,Good
P013,Maria Rodriguez,2026-07-26,3832,1634,53,Wearable Device,Good
P013,Maria Rodriguez,2026-07-27,4032,1633,55,Wearable Device,Good
P013,Maria Rodriguez,2026-07-28,3734,1640,45,Wearable Device,Good
P013,Maria Rodriguez,2026-07-29,3997,1730,50,Wearable Device,Good
P013,Maria Rodriguez,2026-07-30,3953,1584,57,Wearable Device,Good
P013,Maria Rodriguez,2026-07-31,3815,1515,55,Wearable Device,Good
P013,Maria Rodriguez,2026-08-01,4590,1591,48,Wearable Device,Good
P013,Maria Rodriguez,2026-08-02,4640,1727,53,Wearable Device,Good
P013,Maria Rodriguez,2026-08-03,4029,1596,51,Wearable Device,Good
P013,Maria Rodriguez,2026-08-04,4269,1716,54,Wearable Device,Good
P013,Maria Rodriguez,2026-08-05,3973,1710,52,Wearable Device,Good
P013,Maria Rodriguez,2026-08-06,4344,1717,49,Wearable Device,Good
P013,Maria Rodriguez,2026-08-07,4192,1557,47,Wearable Device,Good
P013,Maria Rodriguez,2026-08-08,4272,1800,47,Wearable Device,Good
P013,Maria Rodriguez,2026-08-09,4193,1651,52,Wearable Device,Good
P013,Maria Rodriguez,2026-08-10,4176,1496,52,Wearable Device,Good
P013,Maria Rodriguez,2026-08-11,4041,1424,55,Wearable Device,Good
P013,Maria Rodriguez,2026-08-12,4401,1604,52,Wearable Device,Good
P013,Maria Rodriguez,2026-08-13,4425,1617,54,Wearable Device,Good
P013,Maria Rodriguez,2026-08-14,4137,1704,52,Wearable Device,Good
P013,Maria Rodriguez,2026-08-15,4240,1498,52,Wearable Device,Good
P013,Maria Rodriguez,2026-08-16,4025,1548,49,Wearable Device,Good
P013,Maria Rodriguez,2026-08-17,3976,1769,55,Wearable Device,Good
P013,Maria Rodriguez,2026-08-18,4603,1502,52,Wearable Device,Good
P013,Maria Rodriguez,2026-08-19,3928,1544,49,Wearable Device,Good
P013,Maria Rodriguez,2026-08-20,4460,1568,54,Wearable Device,Good
P013,Maria Rodriguez,2026-08-21,4326,1784,48,Wearable Device,Good
P013,Maria Rodriguez,2026-08-22,4464,1691,49,Wearable Device,Good
P013,Maria Rodriguez,2026-08-23,4411,1626,51,Wearable Device,Good
P013,Maria Rodriguez,2026-08-24,4026,1542,57,Wearable Device,Good
P013,Maria Rodriguez,2026-08-25,4200,1662,49,Wearable Device,Good
P013,Maria Rodriguez,2026-08-26,4036,1686,48,Wearable Device,Good
P013,Maria Rodriguez,2026-08-27,4112,1602,52,Wearable Device,Good
P013,Maria Rodriguez,2026-08-28,4162,1631,53,Wearable Device,Good
P013,Maria Rodriguez,2026-08-29,4354,1521,51,Wearable Device,Good
P013,Maria Rodriguez,2026-08-30,4450,1671,48,Wearable Device,Good
P013,Maria Rodriguez,2026-08-31,4273,1441,52,Wearable Device,Good
P013,Maria Rodriguez,2026-09-01,4598,1524,49,Wearable Device,Good
P013,Maria Rodriguez,2026-09-02,4360,1476,50,Wearable Device,Good
P013,Maria Rodriguez,2026-09-03,4325,1549,51,Wearable Device,Good
P013,Maria Rodriguez,2026-09-04,4356,1633,52,Wearable Device,Good
P013,Maria Rodriguez,2026-09-05,4128,1629,51,Wearable Device,Good
P013,Maria Rodriguez,2026-09-06,4296,1560,51,Wearable Device,Good
P013,Maria Rodriguez,2026-09-07,3992,1597,49,Wearable Device,Good
P013,Maria Rodriguez,2026-09-08,3966,1620,52,Wearable Device,Good
P013,Maria Rodriguez,2026-09-09,4364,1565,53,Wearable Device,Good
P013,Maria Rodriguez,2026-09-10,4315,1635,49,Wearable Device,Good
P013,Maria Rodriguez,2026-09-11,4231,1629,52,Wearable Device,Good
P013,Maria Rodriguez,2026-09-12,3761,1612,57,Wearable Device,Good
P013,Maria Rodriguez,2026-09-13,4124,1541,52,Wearable Device,Good
P013,Maria Rodriguez,2026-09-14,4265,1695,48,Wearable Device,Good
P013,Maria Rodriguez,2026-09-15,4353,1647,51,Wearable Device,Good
P013,Maria Rodriguez,2026-09-16,4271,1682,54,Wearable Device,Good
P013,Maria Rodriguez,2026-09-17,3959,1665,51,Wearable Device,Good
P013,Maria Rodriguez,2026-09-18,4215,1605,51,Wearable Device,Good
P013,Maria Rodriguez,2026-09-19,4450,1593,49,Wearable Device,Good
P013,Maria Rodriguez,2026-09-20,4117,1614,55,Wearable Device,Good
P013,Maria Rodriguez,2026-09-21,4326,1531,58,Wearable Device,Good
P013,Maria Rodriguez,2026-09-22,4255,1702,51,Wearable Device,Good
P013,Maria Rodriguez,2026-09-23,4312,1667,55,Wearable Device,Good
P013,Maria Rodriguez,2026-09-24,4422,1669,51,Wearable Device,Good
P013,Maria Rodriguez,2026-09-25,4079,1626,54,Wearable Device,Good
P013,Maria Rodriguez,2026-09-26,4153,1685,55,Wearable Device,Good
P013,Maria Rodriguez,2026-09-27,4007,1533,51,Wearable Device,Good
P013,Maria Rodriguez,2026-09-28,4264,1558,55,Wearable Device,Good
P013,Maria Rodriguez,2026-09-29,4289,1603,48,Wearable Device,Good
P014,Nathan Clark,2026-07-02,5792,2129,64,Wearable Device,Good
P014,Nathan Clark,2026-07-03,6513,2083,83,Wearable Device,Good
P014,Nathan Clark,2026-07-04,6915,2080,71,Wearable Device,Good
P014,Nathan Clark,2026-07-05,6508,2278,66,Wearable Device,Good
P014,Nathan Clark,2026-07-06,5646,2034,74,Wearable Device,Good
P014,Nathan Clark,2026-07-07,6354,2212,67,Wearable Device,Good
P014,Nathan Clark,2026-07-08,5481,2190,69,Wearable Device,Good
P014,Nathan Clark,2026-07-09,5574,2115,74,Wearable Device,Good
P014,Nathan Clark,2026-07-10,6162,2051,71,Wearable Device,Good
P014,Nathan Clark,2026-07-11,6085,1958,69,Wearable Device,Good
P014,Nathan Clark,2026-07-12,6361,2133,72,Wearable Device,Good
P014,Nathan Clark,2026-07-13,5891,2080,64,Wearable Device,Good
P014,Nathan Clark,2026-07-14,6255,2250,66,Wearable Device,Good
P014,Nathan Clark,2026-07-15,6018,2134,76,Wearable Device,Good
P014,Nathan Clark,2026-07-16,6061,2027,64,Wearable Device,Good
P014,Nathan Clark,2026-07-17,6232,2314,72,Wearable Device,Good
P014,Nathan Clark,2026-07-18,6193,2133,71,Wearable Device,Good
P014,Nathan Clark,2026-07-19,5947,2186,72,Wearable Device,Good
P014,Nathan Clark,2026-07-20,6205,1997,76,Wearable Device,Good
P014,Nathan Clark,2026-07-21,6406,2041,75,Wearable Device,Good
P014,Nathan Clark,2026-07-22,6045,2017,69,Wearable Device,Good
P014,Nathan Clark,2026-07-23,5650,2149,65,Wearable Device,Good
P014,Nathan Clark,2026-07-24,5819,1882,71,Wearable Device,Good
P014,Nathan Clark,2026-07-25,6153,2065,68,Estimated,Poor
P014,Nathan Clark,2026-07-26,5836,2148,70,Wearable Device,Good
P014,Nathan Clark,2026-07-27,6298,2007,72,Wearable Device,Good
P014,Nathan Clark,2026-07-28,6604,2161,70,Wearable Device,Good
P014,Nathan Clark,2026-07-29,6279,2074,72,Wearable Device,Good
P014,Nathan Clark,2026-07-30,6099,2082,72,Wearable Device,Good
P014,Nathan Clark,2026-07-31,5892,1993,67,Wearable Device,Good
P014,Nathan Clark,2026-08-01,5703,1972,72,Wearable Device,Good
P014,Nathan Clark,2026-08-02,5923,2153,72,Wearable Device,Good
P014,Nathan Clark,2026-08-03,5589,2168,74,Wearable Device,Good
P014,Nathan Clark,2026-08-04,5891,2144,68,Wearable Device,Good
P014,Nathan Clark,2026-08-05,6230,1967,65,Wearable Device,Good
P014,Nathan Clark,2026-08-06,6081,2087,70,Wearable Device,Good
P014,Nathan Clark,2026-08-07,5832,2058,72,Wearable Device,Good
P014,Nathan Clark,2026-08-08,6186,2119,69,Wearable Device,Good
P014,Nathan Clark,2026-08-09,6563,1976,73,Wearable Device,Good
P014,Nathan Clark,2026-08-10,6566,2150,71,Wearable Device,Good
P014,Nathan Clark,2026-08-11,5943,2177,65,Wearable Device,Good
P014,Nathan Clark,2026-08-12,5713,1995,74,Wearable Device,Good
P014,Nathan Clark,2026-08-13,6038,1903,67,Wearable Device,Good
P014,Nathan Clark,2026-08-14,5637,1899,71,Wearable Device,Good
P014,Nathan Clark,2026-08-15,5309,2111,69,Wearable Device,Good
P014,Nathan Clark,2026-08-16,5980,1862,64,Wearable Device,Good
P014,Nathan Clark,2026-08-17,5104,1824,66,Wearable Device,Good
P014,Nathan Clark,2026-08-18,5857,1731,62,Wearable Device,Good
P014,Nathan Clark,2026-08-19,5316,1669,64,Wearable Device,Good
P014,Nathan Clark,2026-08-20,5045,1764,59,Wearable Device,Good
P014,Nathan Clark,2026-08-21,5118,1815,61,Wearable Device,Good
P014,Nathan Clark,2026-08-22,5340,1771,64,Wearable Device,Good
P014,Nathan Clark,2026-08-23,6061,1894,68,Wearable Device,Good
P014,Nathan Clark,2026-08-24,5211,1927,61,Wearable Device,Good
P014,Nathan Clark,2026-08-25,5277,1864,70,Wearable Device,Good
P014,Nathan Clark,2026-08-26,6122,1999,62,Wearable Device,Good
P014,Nathan Clark,2026-08-27,5860,2037,69,Wearable Device,Good
P014,Nathan Clark,2026-08-28,5442,1943,69,Wearable Device,Good
P014,Nathan Clark,2026-08-29,6273,1837,70,Wearable Device,Good
P014,Nathan Clark,2026-08-30,6244,2189,74,Wearable Device,Good
P014,Nathan Clark,2026-08-31,6380,2016,65,Wearable Device,Good
P014,Nathan Clark,2026-09-01,6078,2205,77,Wearable Device,Good
P014,Nathan Clark,2026-09-02,6420,2145,73,Wearable Device,Good
P014,Nathan Clark,2026-09-03,6027,2086,78,Wearable Device,Good
P014,Nathan Clark,2026-09-04,5907,2269,70,Wearable Device,Good
P014,Nathan Clark,2026-09-05,6610,1952,74,Wearable Device,Good
P014,Nathan Clark,2026-09-06,5971,1951,72,Wearable Device,Good
P014,Nathan Clark,2026-09-07,6512,2011,66,Wearable Device,Good
P014,Nathan Clark,2026-09-08,6171,2090,73,Wearable Device,Good
P014,Nathan Clark,2026-09-09,6494,2093,78,Wearable Device,Good
P014,Nathan Clark,2026-09-10,6269,2063,66,Wearable Device,Good
P014,Nathan Clark,2026-09-11,6118,2064,75,Wearable Device,Good
P014,Nathan Clark,2026-09-12,6343,1976,72,Wearable Device,Good
P014,Nathan Clark,2026-09-13,6408,2260,75,Wearable Device,Good
P014,Nathan Clark,2026-09-14,6435,2106,73,Wearable Device,Good
P014,Nathan Clark,2026-09-15,6587,1960,70,Wearable Device,Good
P014,Nathan Clark,2026-09-16,5960,2139,76,Wearable Device,Good
P014,Nathan Clark,2026-09-17,6014,1849,70,Wearable Device,Good
P014,Nathan Clark,2026-09-18,6483,2156,73,Wearable Device,Good
P014,Nathan Clark,2026-09-19,6113,1965,73,Wearable Device,Good
P014,Nathan Clark,2026-09-20,5941,2329,74,Wearable Device,Good
P014,Nathan Clark,2026-09-21,6019,2035,71,Wearable Device,Good
P014,Nathan Clark,2026-09-22,6125,2217,72,Wearable Device,Good
P014,Nathan Clark,2026-09-23,5973,2298,72,Wearable Device,Good
P014,Nathan Clark,2026-09-24,6438,2036,73,Wearable Device,Good
P014,Nathan Clark,2026-09-25,6296,1901,79,Wearable Device,Good
P014,Nathan Clark,2026-09-26,6600,2058,68,Wearable Device,Good
P014,Nathan Clark,2026-09-27,6307,2109,73,Wearable Device,Good
P014,Nathan Clark,2026-09-28,6259,2153,77,Wearable Device,Good
P014,Nathan Clark,2026-09-29,6376,1989,76,Wearable Device,Good
P015,Olivia Lewis,2026-07-02,6383,2315,73,Wearable Device,Good
P015,Olivia Lewis,2026-07-03,5971,1791,80,Wearable Device,Good
P015,Olivia Lewis,2026-07-04,5738,2192,74,Wearable Device,Good
P015,Olivia Lewis,2026-07-05,5401,1952,70,Wearable Device,Good
P015,Olivia Lewis,2026-07-06,6121,1793,78,Wearable Device,Good
P015,Olivia Lewis,2026-07-07,5287,1967,84,Wearable Device,Good
P015,Olivia Lewis,2026-07-08,6006,1913,77,Wearable Device,Good
P015,Olivia Lewis,2026-07-09,5905,2047,72,Wearable Device,Good
P015,Olivia Lewis,2026-07-10,6074,1729,75,Wearable Device,Good
P015,Olivia Lewis,2026-07-11,5755,2063,78,Wearable Device,Good
P015,Olivia Lewis,2026-07-12,5485,1901,78,Wearable Device,Poor
P015,Olivia Lewis,2026-07-13,5876,1942,76,Wearable Device,Good
P015,Olivia Lewis,2026-07-14,6105,1948,77,Wearable Device,Good
P015,Olivia Lewis,2026-07-15,6540,1857,70,Wearable Device,Good
P015,Olivia Lewis,2026-07-16,6131,1932,76,Wearable Device,Good
P015,Olivia Lewis,2026-07-17,5669,1974,84,Wearable Device,Good
P015,Olivia Lewis,2026-07-18,6136,2086,72,Wearable Device,Good
P015,Olivia Lewis,2026-07-19,5560,1716,74,Wearable Device,Good
P015,Olivia Lewis,2026-07-20,6182,2051,77,Wearable Device,Good
P015,Olivia Lewis,2026-07-21,5893,1931,78,Wearable Device,Good
P015,Olivia Lewis,2026-07-22,6125,1838,79,Wearable Device,Good
P015,Olivia Lewis,2026-07-23,6175,1958,80,Wearable Device,Good
P015,Olivia Lewis,2026-07-24,6730,1989,79,Wearable Device,Good
P015,Olivia Lewis,2026-07-25,5682,2018,79,Wearable Device,Good
P015,Olivia Lewis,2026-07-26,5957,1898,78,Wearable Device,Good
P015,Olivia Lewis,2026-07-27,6331,2044,81,Wearable Device,Good
P015,Olivia Lewis,2026-07-28,5830,2074,79,Wearable Device,Good
P015,Olivia Lewis,2026-07-29,5619,2031,74,Wearable Device,Good
P015,Olivia Lewis,2026-07-30,5713,2018,79,Wearable Device,Good
P015,Olivia Lewis,2026-07-31,5549,2105,80,Wearable Device,Good
P015,Olivia Lewis,2026-08-01,5692,1846,77,Wearable Device,Good
P015,Olivia Lewis,2026-08-02,5768,2011,76,Wearable Device,Good
P015,Olivia Lewis,2026-08-03,5307,1961,76,Wearable Device,Good
P015,Olivia Lewis,2026-08-04,6086,1930,84,Wearable Device,Good
P015,Olivia Lewis,2026-08-05,5336,2131,77,Wearable Device,Good
P015,Olivia Lewis,2026-08-06,6153,2007,82,Wearable Device,Good
P015,Olivia Lewis,2026-08-07,5785,1890,83,Wearable Device,Good
P015,Olivia Lewis,2026-08-08,5866,2022,82,Wearable Device,Good
P015,Olivia Lewis,2026-08-09,5595,2059,75,Wearable Device,Good
P015,Olivia Lewis,2026-08-10,5861,2007,72,Wearable Device,Good
P015,Olivia Lewis,2026-08-11,5670,2135,81,Wearable Device,Good
P015,Olivia Lewis,2026-08-12,5881,2024,76,Wearable Device,Good
P015,Olivia Lewis,2026-08-13,6300,1979,78,Wearable Device,Good
P015,Olivia Lewis,2026-08-14,6238,1922,84,Wearable Device,Good
P015,Olivia Lewis,2026-08-15,5448,2162,76,Wearable Device,Good
P015,Olivia Lewis,2026-08-16,5828,1810,76,Wearable Device,Good
P015,Olivia Lewis,2026-08-17,5593,1939,77,Wearable Device,Good
P015,Olivia Lewis,2026-08-18,6182,2020,79,Wearable Device,Good
P015,Olivia Lewis,2026-08-19,5576,1911,85,Wearable Device,Good
P015,Olivia Lewis,2026-08-20,5683,2165,77,Wearable Device,Good
P015,Olivia Lewis,2026-08-21,5900,2107,82,Wearable Device,Good
P015,Olivia Lewis,2026-08-22,5867,1961,77,Wearable Device,Good
P015,Olivia Lewis,2026-08-23,5999,2089,78,Wearable Device,Good
P015,Olivia Lewis,2026-08-24,6082,2163,79,Wearable Device,Good
P015,Olivia Lewis,2026-08-25,5991,1848,67,Wearable Device,Good
P015,Olivia Lewis,2026-08-26,6014,1990,75,Wearable Device,Good
P015,Olivia Lewis,2026-08-27,5971,1993,82,Wearable Device,Good
P015,Olivia Lewis,2026-08-28,5925,1925,81,Wearable Device,Good
P015,Olivia Lewis,2026-08-29,5835,2052,76,Wearable Device,Good
P015,Olivia Lewis,2026-08-30,5708,2008,78,Estimated,Fair
P015,Olivia Lewis,2026-08-31,6041,1973,70,Wearable Device,Good
P015,Olivia Lewis,2026-09-01,5772,2079,76,Wearable Device,Good
P015,Olivia Lewis,2026-09-02,5827,2098,75,Wearable Device,Good
P015,Olivia Lewis,2026-09-03,5444,1983,76,Wearable Device,Good
P015,Olivia Lewis,2026-09-04,5614,1982,79,Wearable Device,Fair
P015,Olivia Lewis,2026-09-05,5897,2030,85,Wearable Device,Good
P015,Olivia Lewis,2026-09-06,5798,2027,76,Wearable Device,Good
P015,Olivia Lewis,2026-09-07,5650,1941,76,Wearable Device,Good
P015,Olivia Lewis,2026-09-08,6006,2234,75,Wearable Device,Good
P015,Olivia Lewis,2026-09-09,5777,1993,79,Wearable Device,Good
P015,Olivia Lewis,2026-09-10,5977,2128,68,Wearable Device,Good
P015,Olivia Lewis,2026-09-11,5195,1950,82,Wearable Device,Good
P015,Olivia Lewis,2026-09-12,5438,1699,80,Wearable Device,Good
P015,Olivia Lewis,2026-09-13,5971,1890,74,Wearable Device,Good
P015,Olivia Lewis,2026-09-14,5613,2011,75,Manual Entry,Fair
P015,Olivia Lewis,2026-09-15,6045,1714,74,Wearable Device,Good
P015,Olivia Lewis,2026-09-16,5567,1974,75,Wearable Device,Good
P015,Olivia Lewis,2026-09-17,6135,1814,78,Wearable Device,Good
P015,Olivia Lewis,2026-09-18,6064,2185,76,Wearable Device,Good
P015,Olivia Lewis,2026-09-19,5995,1789,68,Wearable Device,Good
P015,Olivia Lewis,2026-09-20,6149,1939,82,Wearable Device,Good
P015,Olivia Lewis,2026-09-21,5494,1961,85,Wearable Device,Good
P015,Olivia Lewis,2026-09-22,6023,1907,78,Wearable Device,Good
P015,Olivia Lewis,2026-09-23,5436,1985,75,Wearable Device,Poor
P015,Olivia Lewis,2026-09-24,6048,1663,73,Wearable Device,Good
P015,Olivia Lewis,2026-09-25,6323,1755,83,Wearable Device,Good
P015,Olivia Lewis,2026-09-26,5876,1575,81,Wearable Device,Good
P015,Olivia Lewis,2026-09-27,5725,1799,78,Wearable Device,Good
P015,Olivia Lewis,2026-09-28,5444,1716,86,Wearable Device,Good
P015,Olivia Lewis,2026-09-29,6045,1664,82,Wearable Device,Fair
P016,Paul Walker,2026-07-02,7174,2425,86,Wearable Device,Good
P016,Paul Walker,2026-07-03,7183,2524,88,Wearable Device,Good
P016,Paul Walker,2026-07-04,7605,2388,87,Wearable Device,Good
P016,Paul Walker,2026-07-05,7454,2365,95,Wearable Device,Good
P016,Paul Walker,2026-07-06,6996,2392,94,Wearable Device,Good
P016,Paul Walker,2026-07-07,7203,2160,86,Wearable Device,Good
P016,Paul Walker,2026-07-08,7429,2384,89,Wearable Device,Good
P016,Paul Walker,2026-07-09,6617,2270,82,Wearable Device,Good
P016,Paul Walker,2026-07-10,7064,2328,87,Wearable Device,Good
P016,Paul Walker,2026-07-11,7075,2443,101,Wearable Device,Good
P016,Paul Walker,2026-07-12,6563,2539,96,Wearable Device,Good
P016,Paul Walker,2026-07-13,6823,2424,89,Wearable Device,Good
P016,Paul Walker,2026-07-14,7165,2581,94,Wearable Device,Good
P016,Paul Walker,2026-07-15,7280,2348,85,Wearable Device,Good
P016,Paul Walker,2026-07-16,7025,2544,84,Wearable Device,Good
P016,Paul Walker,2026-07-17,6725,2415,87,Wearable Device,Good
P016,Paul Walker,2026-07-18,6818,2349,85,Wearable Device,Good
P016,Paul Walker,2026-07-19,6754,2484,85,Wearable Device,Good
P016,Paul Walker,2026-07-20,6532,2324,95,Estimated,Fair
P016,Paul Walker,2026-07-21,7030,2344,92,Wearable Device,Good
P016,Paul Walker,2026-07-22,6480,2459,93,Wearable Device,Good
P016,Paul Walker,2026-07-23,6954,2520,86,Wearable Device,Good
P016,Paul Walker,2026-07-24,7500,2418,90,Wearable Device,Good
P016,Paul Walker,2026-07-25,7092,2387,97,Wearable Device,Good
P016,Paul Walker,2026-07-26,6717,2308,96,Wearable Device,Good
P016,Paul Walker,2026-07-27,6888,2508,99,Wearable Device,Good
P016,Paul Walker,2026-07-28,6957,2481,86,Wearable Device,Good
P016,Paul Walker,2026-07-29,7367,2423,94,Wearable Device,Good
P016,Paul Walker,2026-07-30,6870,2200,94,Wearable Device,Good
P016,Paul Walker,2026-07-31,6367,2361,96,Wearable Device,Good
P016,Paul Walker,2026-08-01,7168,2633,96,Wearable Device,Good
P016,Paul Walker,2026-08-02,6867,2403,91,Wearable Device,Good
P016,Paul Walker,2026-08-03,6538,2287,89,Wearable Device,Good
P016,Paul Walker,2026-08-04,6377,2405,90,Wearable Device,Good
P016,Paul Walker,2026-08-05,6506,2448,95,Wearable Device,Good
P016,Paul Walker,2026-08-06,7180,2361,94,Wearable Device,Good
P016,Paul Walker,2026-08-07,7341,2436,88,Manual Entry,Fair
P016,Paul Walker,2026-08-08,7198,2543,89,Wearable Device,Good
P016,Paul Walker,2026-08-09,7844,2336,92,Wearable Device,Good
P016,Paul Walker,2026-08-10,6861,2426,83,Wearable Device,Good
P016,Paul Walker,2026-08-11,6906,2268,92,Wearable Device,Good
P016,Paul Walker,2026-08-12,7453,2477,81,Wearable Device,Good
P016,Paul Walker,2026-08-13,7824,2435,88,Wearable Device,Good
P016,Paul Walker,2026-08-14,7155,2421,88,Wearable Device,Good
P016,Paul Walker,2026-08-15,7170,2327,90,Estimated,Fair
P016,Paul Walker,2026-08-16,6856,2228,92,Wearable Device,Good
P016,Paul Walker,2026-08-17,7307,2461,95,Wearable Device,Good
P016,Paul Walker,2026-08-18,7215,2336,95,Wearable Device,Good
P016,Paul Walker,2026-08-19,6618,2291,87,Wearable Device,Good
P016,Paul Walker,2026-08-20,7483,2513,94,Wearable Device,Good
P016,Paul Walker,2026-08-21,7480,2294,93,Wearable Device,Good
P016,Paul Walker,2026-08-22,7055,2501,91,Wearable Device,Good
P016,Paul Walker,2026-08-23,6963,2464,96,Wearable Device,Good
P016,Paul Walker,2026-08-24,6862,2392,87,Wearable Device,Good
P016,Paul Walker,2026-08-25,6213,2424,94,Wearable Device,Good
P016,Paul Walker,2026-08-26,7193,2166,90,Wearable Device,Good
P016,Paul Walker,2026-08-27,6312,2564,87,Wearable Device,Good
P016,Paul Walker,2026-08-28,7545,2513,87,Wearable Device,Good
P016,Paul Walker,2026-08-29,6697,2442,88,Wearable Device,Good
P016,Paul Walker,2026-08-30,7136,2342,83,Wearable Device,Good
P016,Paul Walker,2026-08-31,6308,2427,89,Wearable Device,Good
P016,Paul Walker,2026-09-01,6903,2483,97,Wearable Device,Good
P016,Paul Walker,2026-09-02,7003,2359,94,Wearable Device,Good
P016,Paul Walker,2026-09-03,6618,2426,94,Wearable Device,Good
P016,Paul Walker,2026-09-04,7341,2167,88,Wearable Device,Good
P016,Paul Walker,2026-09-05,6788,2411,94,Wearable Device,Good
P016,Paul Walker,2026-09-06,7631,2340,89,Wearable Device,Good
P016,Paul Walker,2026-09-07,7508,2435,97,Wearable Device,Good
P016,Paul Walker,2026-09-08,7202,2261,85,Wearable Device,Good
P016,Paul Walker,2026-09-09,6549,2479,97,Wearable Device,Good
P016,Paul Walker,2026-09-10,7756,2501,97,Wearable Device,Good
P016,Paul Walker,2026-09-11,6894,2261,95,Wearable Device,Good
P016,Paul Walker,2026-09-12,7248,2412,93,Wearable Device,Good
P016,Paul Walker,2026-09-13,7214,2554,97,Wearable Device,Good
P016,Paul Walker,2026-09-14,7293,2501,94,Wearable Device,Poor
P016,Paul Walker,2026-09-15,6936,2490,85,Wearable Device,Good
P016,Paul Walker,2026-09-16,7474,2256,93,Wearable Device,Good
P016,Paul Walker,2026-09-17,6799,2466,91,Wearable Device,Good
P016,Paul Walker,2026-09-18,6533,2450,89,Wearable Device,Good
P016,Paul Walker,2026-09-19,7412,2400,93,Wearable Device,Good
P016,Paul Walker,2026-09-20,6760,2329,89,Wearable Device,Good
P016,Paul Walker,2026-09-21,7404,2601,88,Wearable Device,Good
P016,Paul Walker,2026-09-22,7482,2139,86,Wearable Device,Good
P016,Paul Walker,2026-09-23,6759,2237,84,Wearable Device,Good
P016,Paul Walker,2026-09-24,7246,2374,93,Wearable Device,Good
P016,Paul Walker,2026-09-25,7345,2431,95,Wearable Device,Good
P016,Paul Walker,2026-09-26,7075,2257,96,Wearable Device,Good
P016,Paul Walker,2026-09-27,6890,2287,91,Wearable Device,Good
P016,Paul Walker,2026-09-28,6775,2349,93,Manual Entry,Fair
P016,Paul Walker,2026-09-29,7223,2292,89,Wearable Device,Good
P017,Quinn Hall,2026-07-02,5900,1844,70,Wearable Device,Good
P017,Quinn Hall,2026-07-03,5930,1902,59,Wearable Device,Good
P017,Quinn Hall,2026-07-04,5813,1795,62,Wearable Device,Good
P017,Quinn Hall,2026-07-05,5647,1885,65,Wearable Device,Good
P017,Quinn Hall,2026-07-06,5354,1866,61,Wearable Device,Good
P017,Quinn Hall,2026-07-07,5660,1772,63,Wearable Device,Good
P017,Quinn Hall,2026-07-08,5814,1706,70,Wearable Device,Good
P017,Quinn Hall,2026-07-09,5090,1746,65,Wearable Device,Good
P017,Quinn Hall,2026-07-10,5763,1790,63,Wearable Device,Good
P017,Quinn Hall,2026-07-11,5714,1779,68,Wearable Device,Good
P017,Quinn Hall,2026-07-12,5835,1878,60,Wearable Device,Good
P017,Quinn Hall,2026-07-13,5577,1772,60,Wearable Device,Good
P017,Quinn Hall,2026-07-14,5700,1751,66,Wearable Device,Good
P017,Quinn Hall,2026-07-15,5300,1954,61,Wearable Device,Good
P017,Quinn Hall,2026-07-16,5661,1871,62,Wearable Device,Good
P017,Quinn Hall,2026-07-17,5838,1689,68,Wearable Device,Good
P017,Quinn Hall,2026-07-18,5603,1746,63,Wearable Device,Good
P017,Quinn Hall,2026-07-19,5826,1747,61,Wearable Device,Good
P017,Quinn Hall,2026-07-20,5537,1694,69,Wearable Device,Good
P017,Quinn Hall,2026-07-21,5441,1874,64,Wearable Device,Good
P017,Quinn Hall,2026-07-22,4876,1655,61,Wearable Device,Good
P017,Quinn Hall,2026-07-23,5099,1763,62,Wearable Device,Good
P017,Quinn Hall,2026-07-24,5409,1614,55,Wearable Device,Good
P017,Quinn Hall,2026-07-25,4980,1673,60,Wearable Device,Good
P017,Quinn Hall,2026-07-26,4543,1655,59,Wearable Device,Good
P017,Quinn Hall,2026-07-27,5522,1916,65,Wearable Device,Good
P017,Quinn Hall,2026-07-28,5966,1780,66,Wearable Device,Good
P017,Quinn Hall,2026-07-29,6057,1918,60,Wearable Device,Good
P017,Quinn Hall,2026-07-30,5528,1768,65,Wearable Device,Good
P017,Quinn Hall,2026-07-31,5792,1724,64,Wearable Device,Good
P017,Quinn Hall,2026-08-01,5034,1929,62,Wearable Device,Good
P017,Quinn Hall,2026-08-02,5615,1772,67,Wearable Device,Good
P017,Quinn Hall,2026-08-03,4805,1798,63,Wearable Device,Good
P017,Quinn Hall,2026-08-04,5472,1955,61,Wearable Device,Good
P017,Quinn Hall,2026-08-05,5816,1832,68,Wearable Device,Good
P017,Quinn Hall,2026-08-06,5413,1734,67,Wearable Device,Good
P017,Quinn Hall,2026-08-07,5719,1660,62,Wearable Device,Good
P017,Quinn Hall,2026-08-08,5708,1875,61,Wearable Device,Good
P017,Quinn Hall,2026-08-09,4784,1847,60,Wearable Device,Good
P017,Quinn Hall,2026-08-10,5035,1545,66,Wearable Device,Good
P017,Quinn Hall,2026-08-11,5636,1779,68,Wearable Device,Good
P017,Quinn Hall,2026-08-12,5778,1945,59,Wearable Device,Good
P017,Quinn Hall,2026-08-13,5590,1654,63,Wearable Device,Good
P017,Quinn Hall,2026-08-14,5530,1856,64,Wearable Device,Good
P017,Quinn Hall,2026-08-15,5774,1863,70,Wearable Device,Good
P017,Quinn Hall,2026-08-16,5511,1715,64,Wearable Device,Good
P017,Quinn Hall,2026-08-17,5375,1933,63,Wearable Device,Good
P017,Quinn Hall,2026-08-18,5441,1757,66,Wearable Device,Good
P017,Quinn Hall,2026-08-19,5555,1742,69,Estimated,Poor
P017,Quinn Hall,2026-08-20,5360,1803,66,Wearable Device,Good
P017,Quinn Hall,2026-08-21,5143,1843,60,Wearable Device,Good
P017,Quinn Hall,2026-08-22,5830,1713,66,Wearable Device,Good
P017,Quinn Hall,2026-08-23,5909,1877,64,Wearable Device,Good
P017,Quinn Hall,2026-08-24,5535,1748,68,Wearable Device,Good
P017,Quinn Hall,2026-08-25,5404,1706,66,Wearable Device,Good
P017,Quinn Hall,2026-08-26,5377,1714,59,Wearable Device,Good
P017,Quinn Hall,2026-08-27,5464,1792,64,Wearable Device,Good
P017,Quinn Hall,2026-08-28,5866,1847,63,Wearable Device,Good
P017,Quinn Hall,2026-08-29,5544,1845,68,Wearable Device,Good
P017,Quinn Hall,2026-08-30,5635,1757,60,Wearable Device,Good
P017,Quinn Hall,2026-08-31,4747,1715,60,Wearable Device,Good
P017,Quinn Hall,2026-09-01,5313,1644,63,Wearable Device,Good
P017,Quinn Hall,2026-09-02,5464,1885,63,Wearable Device,Good
P017,Quinn Hall,2026-09-03,5429,1853,65,Wearable Device,Good
P017,Quinn Hall,2026-09-04,5699,1807,63,Wearable Device,Good
P017,Quinn Hall,2026-09-05,6268,1906,66,Wearable Device,Good
P017,Quinn Hall,2026-09-06,5631,1890,65,Wearable Device,Good
P017,Quinn Hall,2026-09-07,5607,1772,63,Wearable Device,Good
P017,Quinn Hall,2026-09-08,4712,1818,62,Wearable Device,Good
P017,Quinn Hall,2026-09-09,6045,1801,60,Wearable Device,Good
P017,Quinn Hall,2026-09-10,5586,1705,65,Wearable Device,Good
P017,Quinn Hall,2026-09-11,5681,1886,61,Wearable Device,Good
P017,Quinn Hall,2026-09-12,5609,1677,66,Wearable Device,Good
P017,Quinn Hall,2026-09-13,5745,1844,64,Wearable Device,Good
P017,Quinn Hall,2026-09-14,5716,1944,63,Wearable Device,Good
P017,Quinn Hall,2026-09-15,5638,1702,61,Wearable Device,Good
P017,Quinn Hall,2026-09-16,5627,1899,63,Wearable Device,Good
P017,Quinn Hall,2026-09-17,5533,1763,62,Wearable Device,Good
P017,Quinn Hall,2026-09-18,5682,1665,68,Wearable Device,Good
P017,Quinn Hall,2026-09-19,5413,1864,59,Wearable Device,Good
P017,Quinn Hall,2026-09-20,5787,1860,65,Wearable Device,Good
P017,Quinn Hall,2026-09-21,5321,1822,60,Wearable Device,Good
P017,Quinn Hall,2026-09-22,5529,1892,66,Wearable Device,Good
P017,Quinn Hall,2026-09-23,5604,1712,66,Wearable Device,Good
P017,Quinn Hall,2026-09-24,5605,1591,66,Wearable Device,Good
P017,Quinn Hall,2026-09-25,5593,1908,60,Wearable Device,Good
P017,Quinn Hall,2026-09-26,4710,1825,64,Wearable Device,Good
P017,Quinn Hall,2026-09-27,5126,1711,72,Wearable Device,Good
P017,Quinn Hall,2026-09-28,5514,1865,61,Wearable Device,Good
P017,Quinn Hall,2026-09-29,5014,1784,63,Wearable Device,Good
P018,Rachel Young,2026-07-02,6272,2187,83,Wearable Device,Good
P018,Rachel Young,2026-07-03,6351,2060,83,Wearable Device,Good
P018,Rachel Young,2026-07-04,5776,1974,85,Wearable Device,Good
P018,Rachel Young,2026-07-05,6562,2193,76,Wearable Device,Good
P018,Rachel Young,2026-07-06,6173,2171,75,Wearable Device,Good
P018,Rachel Young,2026-07-07,6163,2271,87,Wearable Device,Good
P018,Rachel Young,2026-07-08,6265,2283,74,Wearable Device,Good
P018,Rachel Young,2026-07-09,6611,2111,83,Wearable Device,Good
P018,Rachel Young,2026-07-10,6320,2345,78,Wearable Device,Fair
P018,Rachel Young,2026-07-11,6600,2169,81,Wearable Device,Good
P018,Rachel Young,2026-07-12,6341,2106,81,Wearable Device,Good
P018,Rachel Young,2026-07-13,6379,2226,82,Wearable Device,Good
P018,Rachel Young,2026-07-14,6655,2301,77,Wearable Device,Good
P018,Rachel Young,2026-07-15,6678,2069,84,Wearable Device,Good
P018,Rachel Young,2026-07-16,6598,1989,82,Wearable Device,Poor
P018,Rachel Young,2026-07-17,6250,2116,87,Wearable Device,Good
P018,Rachel Young,2026-07-18,6190,2111,82,Wearable Device,Good
P018,Rachel Young,2026-07-19,6619,2184,86,Wearable Device,Good
P018,Rachel Young,2026-07-20,6569,1960,79,Wearable Device,Good
P018,Rachel Young,2026-07-21,6220,2252,71,Wearable Device,Good
P018,Rachel Young,2026-07-22,7215,2258,82,Wearable Device,Good
P018,Rachel Young,2026-07-23,6778,2457,85,Wearable Device,Good
P018,Rachel Young,2026-07-24,6703,2214,81,Wearable Device,Good
P018,Rachel Young,2026-07-25,6247,2109,79,Wearable Device,Good
P018,Rachel Young,2026-07-26,5967,2191,75,Wearable Device,Good
P018,Rachel Young,2026-07-27,6461,2196,82,Wearable Device,Good
P018,Rachel Young,2026-07-28,6232,2538,87,Wearable Device,Good
P018,Rachel Young,2026-07-29,6001,2225,79,Wearable Device,Good
P018,Rachel Young,2026-07-30,6075,2052,83,Wearable Device,Good
P018,Rachel Young,2026-07-31,6181,2306,86,Wearable Device,Good
P018,Rachel Young,2026-08-01,6839,2106,83,Wearable Device,Good
P018,Rachel Young,2026-08-02,6602,2147,78,Wearable Device,Good
P018,Rachel Young,2026-08-03,6915,2225,84,Wearable Device,Good
P018,Rachel Young,2026-08-04,6136,2065,79,Wearable Device,Good
P018,Rachel Young,2026-08-05,6360,2082,81,Wearable Device,Good
P018,Rachel Young,2026-08-06,5859,2076,84,Wearable Device,Good
P018,Rachel Young,2026-08-07,6593,2156,77,Wearable Device,Good
P018,Rachel Young,2026-08-08,6071,2158,84,Wearable Device,Good
P018,Rachel Young,2026-08-09,6697,2145,77,Wearable Device,Good
P018,Rachel Young,2026-08-10,6485,2109,79,Wearable Device,Good
P018,Rachel Young,2026-08-11,6824,2290,82,Wearable Device,Good
P018,Rachel Young,2026-08-12,5992,2223,86,Wearable Device,Good
P018,Rachel Young,2026-08-13,6279,2348,87,Wearable Device,Good
P018,Rachel Young,2026-08-14,6932,2233,84,Wearable Device,Good
P018,Rachel Young,2026-08-15,6852,2249,79,Wearable Device,Good
P018,Rachel Young,2026-08-16,6256,2226,76,Wearable Device,Good
P018,Rachel Young,2026-08-17,6354,2320,73,Wearable Device,Good
P018,Rachel Young,2026-08-18,6891,2323,80,Wearable Device,Good
P018,Rachel Young,2026-08-19,6573,2200,87,Wearable Device,Good
P018,Rachel Young,2026-08-20,6714,2045,84,Wearable Device,Good
P018,Rachel Young,2026-08-21,6334,2209,79,Wearable Device,Good
P018,Rachel Young,2026-08-22,6959,2314,78,Wearable Device,Good
P018,Rachel Young,2026-08-23,5972,2157,83,Wearable Device,Good
P018,Rachel Young,2026-08-24,6476,2337,85,Wearable Device,Poor
P018,Rachel Young,2026-08-25,6710,2235,76,Wearable Device,Good
P018,Rachel Young,2026-08-26,6337,2316,81,Wearable Device,Good
P018,Rachel Young,2026-08-27,6560,2164,77,Wearable Device,Good
P018,Rachel Young,2026-08-28,6360,2233,79,Estimated,Poor
P018,Rachel Young,2026-08-29,6324,2096,86,Wearable Device,Good
P018,Rachel Young,2026-08-30,6305,2359,88,Wearable Device,Good
P018,Rachel Young,2026-08-31,6374,2089,73,Wearable Device,Good
P018,Rachel Young,2026-09-01,5928,2048,87,Wearable Device,Good
P018,Rachel Young,2026-09-02,6437,2242,72,Estimated,Fair
P018,Rachel Young,2026-09-03,6016,2297,83,Wearable Device,Good
P018,Rachel Young,2026-09-04,6352,2262,88,Wearable Device,Good
P018,Rachel Young,2026-09-05,6329,2207,82,Wearable Device,Good
P018,Rachel Young,2026-09-06,7165,1969,84,Wearable Device,Good
P018,Rachel Young,2026-09-07,6363,2262,79,Wearable Device,Fair
P018,Rachel Young,2026-09-08,6384,2278,94,Wearable Device,Good
P018,Rachel Young,2026-09-09,6658,2106,80,Wearable Device,Good
P018,Rachel Young,2026-09-10,6254,2002,80,Wearable Device,Good
P018,Rachel Young,2026-09-11,6634,2059,86,Wearable Device,Good
P018,Rachel Young,2026-09-12,6556,2119,81,Wearable Device,Good
P018,Rachel Young,2026-09-13,6911,2280,82,Wearable Device,Good
P018,Rachel Young,2026-09-14,6323,2208,79,Wearable Device,Good
P018,Rachel Young,2026-09-15,5726,2424,82,Wearable Device,Good
P018,Rachel Young,2026-09-16,6527,2193,78,Wearable Device,Good
P018,Rachel Young,2026-09-17,6340,2024,91,Wearable Device,Good
P018,Rachel Young,2026-09-18,6004,2086,80,Wearable Device,Good
P018,Rachel Young,2026-09-19,6812,2201,75,Wearable Device,Good
P018,Rachel Young,2026-09-20,6801,2280,80,Wearable Device,Good
P018,Rachel Young,2026-09-21,6629,2463,85,Wearable Device,Good
P018,Rachel Young,2026-09-22,6180,2378,76,Wearable Device,Good
P018,Rachel Young,2026-09-23,6559,2013,72,Wearable Device,Good
P018,Rachel Young,2026-09-24,6139,2291,75,Wearable Device,Good
P018,Rachel Young,2026-09-25,5736,2197,73,Wearable Device,Good
P018,Rachel Young,2026-09-26,6340,2280,69,Manual Entry,Fair
P018,Rachel Young,2026-09-27,6509,2170,60,Wearable Device,Good
P018,Rachel Young,2026-09-28,6041,2278,64,Wearable Device,Good
P018,Rachel Young,2026-09-29,6355,2153,60,Wearable Device,Good
P019,Samuel King,2026-07-02,6103,1917,65,Wearable Device,Good
P019,Samuel King,2026-07-03,6015,1930,70,Wearable Device,Good
P019,Samuel King,2026-07-04,6266,1947,71,Wearable Device,Good
P019,Samuel King,2026-07-05,5458,1928,72,Wearable Device,Good
P019,Samuel King,2026-07-06,5348,1969,70,Wearable Device,Good
P019,Samuel King,2026-07-07,5811,2051,71,Wearable Device,Good
P019,Samuel King,2026-07-08,6228,1853,70,Wearable Device,Good
P019,Samuel King,2026-07-09,5824,1845,73,Wearable Device,Good
P019,Samuel King,2026-07-10,6474,1948,71,Wearable Device,Good
P019,Samuel King,2026-07-11,5824,1880,63,Wearable Device,Good
P019,Samuel King,2026-07-12,5595,1814,75,Wearable Device,Good
P019,Samuel King,2026-07-13,5766,1916,73,Wearable Device,Good
P019,Samuel King,2026-07-14,5474,1875,70,Wearable Device,Good
P019,Samuel King,2026-07-15,6098,1998,70,Wearable Device,Good
P019,Samuel King,2026-07-16,5822,1989,70,Wearable Device,Poor
P019,Samuel King,2026-07-17,5501,1954,66,Wearable Device,Good
P019,Samuel King,2026-07-18,5823,1903,78,Wearable Device,Good
P019,Samuel King,2026-07-19,5788,1813,69,Wearable Device,Good
P019,Samuel King,2026-07-20,5950,2113,67,Wearable Device,Good
P019,Samuel King,2026-07-21,5341,2029,65,Wearable Device,Good
P019,Samuel King,2026-07-22,5673,4000,180,Wearable Device,Good
P019,Samuel King,2026-07-23,5999,4000,180,Wearable Device,Good
P019,Samuel King,2026-07-24,15000,4000,70,Wearable Device,Good
P019,Samuel King,2026-07-25,15000,2032,180,Wearable Device,Good
P019,Samuel King,2026-07-26,5931,4000,180,Wearable Device,Good
P019,Samuel King,2026-07-27,15000,4000,180,Wearable Device,Good
P019,Samuel King,2026-07-28,15000,1894,71,Wearable Device,Good
P019,Samuel King,2026-07-29,15000,4000,73,Wearable Device,Good
P019,Samuel King,2026-07-30,15000,1937,180,Wearable Device,Good
P019,Samuel King,2026-07-31,15000,1981,77,Wearable Device,Good
P019,Samuel King,2026-08-01,5552,4000,180,Wearable Device,Good
P019,Samuel King,2026-08-02,15000,4000,70,Wearable Device,Good
P019,Samuel King,2026-08-03,6646,1932,66,Wearable Device,Good
P019,Samuel King,2026-08-04,15000,4000,69,Wearable Device,Good
P019,Samuel King,2026-08-05,15000,4000,180,Wearable Device,Good
P019,Samuel King,2026-08-06,15000,4000,67,Wearable Device,Good
P019,Samuel King,2026-08-07,15000,1980,180,Wearable Device,Good
P019,Samuel King,2026-08-08,5679,1852,180,Wearable Device,Good
P019,Samuel King,2026-08-09,15000,4000,180,Wearable Device,Good
P019,Samuel King,2026-08-10,5763,4000,180,Wearable Device,Good
P019,Samuel King,2026-08-11,5670,1930,71,Wearable Device,Good
P019,Samuel King,2026-08-12,6101,1759,68,Wearable Device,Good
P019,Samuel King,2026-08-13,5862,1860,76,Wearable Device,Good
P019,Samuel King,2026-08-14,5615,1945,71,Wearable Device,Good
P019,Samuel King,2026-08-15,5628,1769,68,Wearable Device,Good
P019,Samuel King,2026-08-16,6098,1917,67,Wearable Device,Good
P019,Samuel King,2026-08-17,6068,1917,68,Wearable Device,Good
P019,Samuel King,2026-08-18,5843,2025,78,Wearable Device,Good
P019,Samuel King,2026-08-19,6039,2063,68,Wearable Device,Good
P019,Samuel King,2026-08-20,5502,1956,70,Wearable Device,Good
P019,Samuel King,2026-08-21,5487,1932,71,Wearable Device,Good
P019,Samuel King,2026-08-22,5904,1999,71,Wearable Device,Good
P019,Samuel King,2026-08-23,5652,1899,65,Wearable Device,Good
P019,Samuel King,2026-08-24,6317,1951,69,Wearable Device,Good
P019,Samuel King,2026-08-25,5530,2236,66,Wearable Device,Good
P019,Samuel King,2026-08-26,5675,1990,72,Wearable Device,Good
P019,Samuel King,2026-08-27,6077,2126,71,Wearable Device,Good
P019,Samuel King,2026-08-28,5493,1924,71,Wearable Device,Good
P019,Samuel King,2026-08-29,6399,1813,74,Wearable Device,Good
P019,Samuel King,2026-08-30,5852,2031,69,Wearable Device,Good
P019,Samuel King,2026-08-31,5555,2023,72,Wearable Device,Good
P019,Samuel King,2026-09-01,6081,1948,67,Wearable Device,Good
P019,Samuel King,2026-09-02,5347,2029,71,Wearable Device,Good
P019,Samuel King,2026-09-03,5519,1897,68,Estimated,Fair
P019,Samuel King,2026-09-04,5369,1870,66,Wearable Device,Good
P019,Samuel King,2026-09-05,5680,1877,64,Wearable Device,Good
P019,Samuel King,2026-09-06,6386,2072,67,Wearable Device,Good
P019,Samuel King,2026-09-07,5879,1990,74,Wearable Device,Good
P019,Samuel King,2026-09-08,5562,2056,68,Wearable Device,Good
P019,Samuel King,2026-09-09,5412,2020,74,Wearable Device,Good
P019,Samuel King,2026-09-10,6550,1833,72,Wearable Device,Good
P019,Samuel King,2026-09-11,5681,2026,64,Wearable Device,Good
P019,Samuel King,2026-09-12,5433,1874,70,Wearable Device,Good
P019,Samuel King,2026-09-13,5614,2014,73,Wearable Device,Good
P019,Samuel King,2026-09-14,5973,2107,71,Estimated,Fair
P019,Samuel King,2026-09-15,5447,2082,67,Wearable Device,Good
P019,Samuel King,2026-09-16,6064,2103,71,Wearable Device,Good
P019,Samuel King,2026-09-17,5366,1860,74,Wearable Device,Good
P019,Samuel King,2026-09-18,5750,1957,72,Wearable Device,Good
P019,Samuel King,2026-09-19,6001,1977,69,Wearable Device,Good
P019,Samuel King,2026-09-20,5709,2033,71,Wearable Device,Good
P019,Samuel King,2026-09-21,5725,2055,69,Wearable Device,Good
P019,Samuel King,2026-09-22,5553,1876,66,Wearable Device,Good
P019,Samuel King,2026-09-23,5721,2070,67,Wearable Device,Good
P019,Samuel King,2026-09-24,5854,1885,69,Wearable Device,Good
P019,Samuel King,2026-09-25,5362,1928,69,Wearable Device,Good
P019,Samuel King,2026-09-26,5956,1971,65,Wearable Device,Good
P019,Samuel King,2026-09-27,6114,1970,70,Wearable Device,Good
P019,Samuel King,2026-09-28,5797,1899,70,Wearable Device,Good
P019,Samuel King,2026-09-29,5937,1779,68,Wearable Device,Good
P020,Tina Green,2026-07-02,4738,1721,61,Wearable Device,Good
P020,Tina Green,2026-07-03,4614,1657,56,Wearable Device,Good
P020,Tina Green,2026-07-04,4607,1670,60,Wearable Device,Good
P020,Tina Green,2026-07-05,4547,1736,53,Wearable Device,Good
P020,Tina Green,2026-07-06,4665,1671,62,Wearable Device,Good
P020,Tina Green,2026-07-07,4734,1512,52,Wearable Device,Good
P020,Tina Green,2026-07-08,4808,1752,59,Wearable Device,Good
P020,Tina Green,2026-07-09,4840,1798,56,Wearable Device,Good
P020,Tina Green,2026-07-10,5014,1561,55,Wearable Device,Good
P020,Tina Green,2026-07-11,4366,1676,57,Wearable Device,Good
P020,Tina Green,2026-07-12,4827,1705,55,Wearable Device,Good
P020,Tina Green,2026-07-13,4754,1572,61,Wearable Device,Good
P020,Tina Green,2026-07-14,4727,1658,62,Wearable Device,Good
P020,Tina Green,2026-07-15,4501,1604,54,Wearable Device,Good
P020,Tina Green,2026-07-16,4783,1736,60,Wearable Device,Good
P020,Tina Green,2026-07-17,5417,1508,59,Wearable Device,Good
P020,Tina Green,2026-07-18,4666,1650,56,Wearable Device,Good
P020,Tina Green,2026-07-19,4581,1843,60,Wearable Device,Good
P020,Tina Green,2026-07-20,4805,1814,53,Wearable Device,Good
P020,Tina Green,2026-07-21,4480,1514,55,Wearable Device,Poor
P020,Tina Green,2026-07-22,4838,1708,58,Wearable Device,Good
P020,Tina Green,2026-07-23,4461,1768,58,Wearable Device,Good
P020,Tina Green,2026-07-24,4975,1539,58,Wearable Device,Good
P020,Tina Green,2026-07-25,4514,1666,59,Wearable Device,Good
P020,Tina Green,2026-07-26,4821,1627,58,Wearable Device,Good
P020,Tina Green,2026-07-27,4432,1797,57,Wearable Device,Good
P020,Tina Green,2026-07-28,5068,1655,56,Wearable Device,Good
P020,Tina Green,2026-07-29,4616,1774,55,Wearable Device,Good
P020,Tina Green,2026-07-30,4954,1667,52,Wearable Device,Good
P020,Tina Green,2026-07-31,4663,1599,58,Wearable Device,Good
P020,Tina Green,2026-08-01,4514,1778,57,Wearable Device,Good
P020,Tina Green,2026-08-02,4757,1755,60,Wearable Device,Good
P020,Tina Green,2026-08-03,4795,1634,52,Wearable Device,Good
P020,Tina Green,2026-08-04,4635,1647,58,Wearable Device,Good
P020,Tina Green,2026-08-05,4717,1758,56,Wearable Device,Good
P020,Tina Green,2026-08-06,4786,1800,58,Wearable Device,Good
P020,Tina Green,2026-08-07,4785,1648,56,Wearable Device,Good
P020,Tina Green,2026-08-08,4595,1654,60,Wearable Device,Good
P020,Tina Green,2026-08-09,4746,1585,63,Wearable Device,Good
P020,Tina Green,2026-08-10,4876,1580,56,Wearable Device,Good
P020,Tina Green,2026-08-11,4826,1844,54,Wearable Device,Good
P020,Tina Green,2026-08-12,5034,1818,56,Wearable Device,Good
P020,Tina Green,2026-08-13,4733,1611,57,Wearable Device,Good
P020,Tina Green,2026-08-14,4791,1756,61,Wearable Device,Good
P020,Tina Green,2026-08-15,4620,1532,57,Wearable Device,Good
P020,Tina Green,2026-08-16,4870,1721,57,Wearable Device,Good
P020,Tina Green,2026-08-17,4829,1828,59,Wearable Device,Good
P020,Tina Green,2026-08-18,4710,1657,57,Wearable Device,Good
P020,Tina Green,2026-08-19,5192,1684,57,Wearable Device,Good
P020,Tina Green,2026-08-20,4684,1793,63,Wearable Device,Good
P020,Tina Green,2026-08-21,4908,1707,58,Wearable Device,Good
P020,Tina Green,2026-08-22,4227,1763,58,Wearable Device,Good
P020,Tina Green,2026-08-23,4902,1639,56,Wearable Device,Good
P020,Tina Green,2026-08-24,4701,1786,56,Wearable Device,Good
P020,Tina Green,2026-08-25,5299,1736,54,Wearable Device,Good
P020,Tina Green,2026-08-26,4769,1644,51,Wearable Device,Good
P020,Tina Green,2026-08-27,5183,1759,59,Wearable Device,Good
P020,Tina Green,2026-08-28,4839,1582,56,Wearable Device,Good
P020,Tina Green,2026-08-29,5002,1610,50,Wearable Device,Good
P020,Tina Green,2026-08-30,4745,1687,58,Wearable Device,Good
P020,Tina Green,2026-08-31,4974,1754,58,Wearable Device,Good
P020,Tina Green,2026-09-01,5086,1570,59,Wearable Device,Good
P020,Tina Green,2026-09-02,4950,1594,53,Wearable Device,Good
P020,Tina Green,2026-09-03,4620,1643,60,Wearable Device,Good
P020,Tina Green,2026-09-04,4652,1627,56,Wearable Device,Good
P020,Tina Green,2026-09-05,5068,1701,57,Wearable Device,Good
P020,Tina Green,2026-09-06,4773,1809,55,Wearable Device,Good
P020,Tina Green,2026-09-07,5115,1717,57,Wearable Device,Good
P020,Tina Green,2026-09-08,5400,1610,56,Wearable Device,Good
P020,Tina Green,2026-09-09,4504,1780,62,Wearable Device,Good
P020,Tina Green,2026-09-10,5200,1804,57,Wearable Device,Good
P020,Tina Green,2026-09-11,4712,1557,63,Manual Entry,Poor
P020,Tina Green,2026-09-12,4912,1658,61,Wearable Device,Good
P020,Tina Green,2026-09-13,4566,1734,57,Wearable Device,Good
P020,Tina Green,2026-09-14,4953,1694,53,Wearable Device,Poor
P020,Tina Green,2026-09-15,4818,1789,57,Wearable Device,Good
P020,Tina Green,2026-09-16,4986,1611,57,Wearable Device,Good
P020,Tina Green,2026-09-17,4650,1763,58,Wearable Device,Good
P020,Tina Green,2026-09-18,4965,1792,60,Wearable Device,Good
P020,Tina Green,2026-09-19,4865,1615,57,Wearable Device,Good
P020,Tina Green,2026-09-20,4672,1670,56,Manual Entry,Poor
P020,Tina Green,2026-09-21,4564,1533,56,Wearable Device,Good
P020,Tina Green,2026-09-22,4846,1585,58,Wearable Device,Good
P020,Tina Green,2026-09-23,5256,1786,62,Wearable Device,Good
P020,Tina Green,2026-09-24,4893,1799,55,Wearable Device,Good
P020,Tina Green,2026-09-25,4645,1467,61,Wearable Device,Good
P020,Tina Green,2026-09-26,5169,1652,57,Wearable Device,Good
P020,Tina Green,2026-09-27,4619,1732,61,Wearable Device,Good
P020,Tina Green,2026-09-28,4381,1734,57,Wearable Device,Good
P020,Tina Green,2026-09-29,4827,1739,57,Wearable Device,Good
P021,Victor Adams,2026-07-02,6565,2077,79,Wearable Device,Good
P021,Victor Adams,2026-07-03,6738,2123,71,Wearable Device,Good
P021,Victor Adams,2026-07-04,6475,2194,76,Wearable Device,Good
P021,Victor Adams,2026-07-05,6817,2285,79,Wearable Device,Good
P021,Victor Adams,2026-07-06,6630,2046,66,Wearable Device,Good
P021,Victor Adams,2026-07-07,6544,2065,77,Wearable Device,Good
P021,Victor Adams,2026-07-08,6549,2066,69,Wearable Device,Good
P021,Victor Adams,2026-07-09,6289,2150,82,Wearable Device,Good
P021,Victor Adams,2026-07-10,6567,2134,79,Wearable Device,Good
P021,Victor Adams,2026-07-11,6332,2138,73,Wearable Device,Good
P021,Victor Adams,2026-07-12,6885,2115,77,Wearable Device,Good
P021,Victor Adams,2026-07-13,6341,2174,83,Estimated,Fair
P021,Victor Adams,2026-07-14,6267,2064,76,Wearable Device,Good
P021,Victor Adams,2026-07-15,6859,2041,65,Wearable Device,Good
P021,Victor Adams,2026-07-16,7048,2179,69,Wearable Device,Good
P021,Victor Adams,2026-07-17,6399,2264,81,Wearable Device,Good
P021,Victor Adams,2026-07-18,6909,2081,76,Wearable Device,Good
P021,Victor Adams,2026-07-19,6556,2218,72,Wearable Device,Good
P021,Victor Adams,2026-07-20,6334,2206,75,Wearable Device,Good
P021,Victor Adams,2026-07-21,7054,2029,75,Wearable Device,Good
P021,Victor Adams,2026-07-22,6295,2100,70,Wearable Device,Good
P021,Victor Adams,2026-07-23,6439,1949,78,Wearable Device,Good
P021,Victor Adams,2026-07-24,6836,1918,81,Wearable Device,Poor
P021,Victor Adams,2026-07-25,7424,2104,73,Wearable Device,Good
P021,Victor Adams,2026-07-26,7532,1961,76,Wearable Device,Good
P021,Victor Adams,2026-07-27,6659,2241,77,Manual Entry,Fair
P021,Victor Adams,2026-07-28,6435,2000,74,Wearable Device,Good
P021,Victor Adams,2026-07-29,6267,2105,73,Manual Entry,Fair
P021,Victor Adams,2026-07-30,6106,2231,74,Wearable Device,Good
P021,Victor Adams,2026-07-31,6181,2082,76,Wearable Device,Good
P021,Victor Adams,2026-08-01,6023,2134,72,Wearable Device,Good
P021,Victor Adams,2026-08-02,7164,2155,74,Wearable Device,Good
P021,Victor Adams,2026-08-03,6354,2088,78,Wearable Device,Good
P021,Victor Adams,2026-08-04,6591,2077,76,Wearable Device,Good
P021,Victor Adams,2026-08-05,6400,2063,68,Wearable Device,Good
P021,Victor Adams,2026-08-06,6921,2131,73,Wearable Device,Good
P021,Victor Adams,2026-08-07,7226,2109,72,Wearable Device,Good
P021,Victor Adams,2026-08-08,6882,2141,77,Wearable Device,Good
P021,Victor Adams,2026-08-09,6459,2147,75,Wearable Device,Good
P021,Victor Adams,2026-08-10,6783,1899,74,Wearable Device,Good
P021,Victor Adams,2026-08-11,7168,2019,73,Wearable Device,Good
P021,Victor Adams,2026-08-12,6452,1972,67,Wearable Device,Good
P021,Victor Adams,2026-08-13,6523,2114,75,Wearable Device,Good
P021,Victor Adams,2026-08-14,6552,2104,79,Wearable Device,Good
P021,Victor Adams,2026-08-15,6537,2039,74,Wearable Device,Good
P021,Victor Adams,2026-08-16,6791,2248,73,Wearable Device,Good
P021,Victor Adams,2026-08-17,6632,2135,72,Wearable Device,Good
P021,Victor Adams,2026-08-18,6606,1946,69,Wearable Device,Good
P021,Victor Adams,2026-08-19,6721,2059,76,Wearable Device,Good
P021,Victor Adams,2026-08-20,6594,1997,75,Wearable Device,Good
P021,Victor Adams,2026-08-21,6193,2246,70,Wearable Device,Good
P021,Victor Adams,2026-08-22,6535,1990,78,Wearable Device,Good
P021,Victor Adams,2026-08-23,6490,2045,79,Wearable Device,Good
P021,Victor Adams,2026-08-24,6609,2154,72,Wearable Device,Good
P021,Victor Adams,2026-08-25,6136,2111,74,Wearable Device,Good
P021,Victor Adams,2026-08-26,6806,2091,76,Wearable Device,Good
P021,Victor Adams,2026-08-27,6064,2298,75,Wearable Device,Good
P021,Victor Adams,2026-08-28,6830,2012,77,Wearable Device,Good
P021,Victor Adams,2026-08-29,6170,2147,74,Wearable Device,Good
P021,Victor Adams,2026-08-30,6609,2173,71,Wearable Device,Good
P021,Victor Adams,2026-08-31,6374,2148,83,Wearable Device,Good
P021,Victor Adams,2026-09-01,6554,2162,75,Wearable Device,Good
P021,Victor Adams,2026-09-02,7240,1916,76,Wearable Device,Good
P021,Victor Adams,2026-09-03,6063,1836,77,Wearable Device,Good
P021,Victor Adams,2026-09-04,6646,2070,75,Wearable Device,Good
P021,Victor Adams,2026-09-05,7622,2072,77,Wearable Device,Good
P021,Victor Adams,2026-09-06,6385,2130,75,Wearable Device,Good
P021,Victor Adams,2026-09-07,6464,2290,80,Wearable Device,Good
P021,Victor Adams,2026-09-08,6645,1858,74,Wearable Device,Good
P021,Victor Adams,2026-09-09,7491,2075,80,Wearable Device,Good
P021,Victor Adams,2026-09-10,7075,2122,72,Wearable Device,Good
P021,Victor Adams,2026-09-11,5796,2171,72,Wearable Device,Good
P021,Victor Adams,2026-09-12,6658,1968,74,Wearable Device,Good
P021,Victor Adams,2026-09-13,6611,2128,71,Wearable Device,Good
P021,Victor Adams,2026-09-14,6994,2037,69,Wearable Device,Good
P021,Victor Adams,2026-09-15,6564,2103,76,Wearable Device,Good
P021,Victor Adams,2026-09-16,7049,2075,75,Wearable Device,Good
P021,Victor Adams,2026-09-17,6235,2186,76,Wearable Device,Good
P021,Victor Adams,2026-09-18,6461,1900,81,Wearable Device,Good
P021,Victor Adams,2026-09-19,6076,2000,75,Wearable Device,Good
P021,Victor Adams,2026-09-20,5967,1867,65,Wearable Device,Good
P021,Victor Adams,2026-09-21,6481,1929,83,Wearable Device,Good
P021,Victor Adams,2026-09-22,5796,1852,68,Wearable Device,Good
P021,Victor Adams,2026-09-23,6086,1861,71,Wearable Device,Good
P021,Victor Adams,2026-09-24,5564,1728,60,Wearable Device,Good
P021,Victor Adams,2026-09-25,5034,1781,65,Wearable Device,Good
P021,Victor Adams,2026-09-26,5441,1928,69,Wearable Device,Good
P021,Victor Adams,2026-09-27,5420,1571,61,Wearable Device,Good
P021,Victor Adams,2026-09-28,5214,1653,59,Wearable Device,Good
P021,Victor Adams,2026-09-29,5077,1643,58,Wearable Device,Good
P022,Wendy Baker,2026-07-02,5456,1883,62,Wearable Device,Good
P022,Wendy Baker,2026-07-03,5743,1759,60,Wearable Device,Good
P022,Wendy Baker,2026-07-04,5502,1774,67,Wearable Device,Good
P022,Wendy Baker,2026-07-05,4751,1978,68,Wearable Device,Fair
P022,Wendy Baker,2026-07-06,4994,1713,71,Wearable Device,Good
P022,Wendy Baker,2026-07-07,5200,1772,58,Wearable Device,Good
P022,Wendy Baker,2026-07-08,5305,1828,68,Wearable Device,Good
P022,Wendy Baker,2026-07-09,5022,1709,67,Wearable Device,Good
P022,Wendy Baker,2026-07-10,5671,1704,69,Wearable Device,Good
P022,Wendy Baker,2026-07-11,5410,1950,65,Wearable Device,Good
P022,Wendy Baker,2026-07-12,4718,1835,69,Wearable Device,Good
P022,Wendy Baker,2026-07-13,5158,1814,65,Wearable Device,Good
P022,Wendy Baker,2026-07-14,4617,2004,63,Wearable Device,Good
P022,Wendy Baker,2026-07-15,5536,1841,70,Wearable Device,Good
P022,Wendy Baker,2026-07-16,5509,1828,63,Wearable Device,Good
P022,Wendy Baker,2026-07-17,5615,1676,68,Wearable Device,Good
P022,Wendy Baker,2026-07-18,5103,1965,66,Wearable Device,Good
P022,Wendy Baker,2026-07-19,5573,1857,60,Wearable Device,Good
P022,Wendy Baker,2026-07-20,5167,1912,66,Wearable Device,Good
P022,Wendy Baker,2026-07-21,5718,1887,62,Wearable Device,Good
P022,Wendy Baker,2026-07-22,5185,1859,58,Wearable Device,Good
P022,Wendy Baker,2026-07-23,5851,1890,70,Wearable Device,Good
P022,Wendy Baker,2026-07-24,4973,1965,73,Wearable Device,Good
P022,Wendy Baker,2026-07-25,5043,1921,66,Wearable Device,Good
P022,Wendy Baker,2026-07-26,4983,1895,68,Wearable Device,Good
P022,Wendy Baker,2026-07-27,5237,1957,60,Wearable Device,Good
P022,Wendy Baker,2026-07-28,4996,1862,66,Wearable Device,Good
P022,Wendy Baker,2026-07-29,5206,1924,67,Wearable Device,Good
P022,Wendy Baker,2026-07-30,5631,1838,67,Wearable Device,Good
P022,Wendy Baker,2026-07-31,5279,2039,63,Wearable Device,Good
P022,Wendy Baker,2026-08-01,5968,1853,61,Wearable Device,Good
P022,Wendy Baker,2026-08-02,5769,1861,68,Wearable Device,Good
P022,Wendy Baker,2026-08-03,5730,1881,64,Wearable Device,Good
P022,Wendy Baker,2026-08-04,5663,1850,68,Wearable Device,Good
P022,Wendy Baker,2026-08-05,4818,1891,63,Wearable Device,Good
P022,Wendy Baker,2026-08-06,5846,1907,66,Wearable Device,Good
P022,Wendy Baker,2026-08-07,5531,1757,71,Wearable Device,Good
P022,Wendy Baker,2026-08-08,5937,1886,71,Wearable Device,Good
P022,Wendy Baker,2026-08-09,5246,1776,66,Wearable Device,Good
P022,Wendy Baker,2026-08-10,5517,1813,67,Wearable Device,Good
P022,Wendy Baker,2026-08-11,5482,1757,67,Wearable Device,Good
P022,Wendy Baker,2026-08-12,5633,1865,69,Wearable Device,Good
P022,Wendy Baker,2026-08-13,5071,1893,62,Wearable Device,Good
P022,Wendy Baker,2026-08-14,5099,1791,62,Wearable Device,Good
P022,Wendy Baker,2026-08-15,5252,1830,68,Wearable Device,Good
P022,Wendy Baker,2026-08-16,5313,1703,69,Wearable Device,Good
P022,Wendy Baker,2026-08-17,5173,1844,67,Wearable Device,Good
P022,Wendy Baker,2026-08-18,5453,1951,67,Wearable Device,Good
P022,Wendy Baker,2026-08-19,5167,2051,66,Wearable Device,Good
P022,Wendy Baker,2026-08-20,5360,1939,66,Wearable Device,Good
P022,Wendy Baker,2026-08-21,5507,2080,65,Wearable Device,Good
P022,Wendy Baker,2026-08-22,5314,1860,69,Wearable Device,Good
P022,Wendy Baker,2026-08-23,4993,1668,64,Wearable Device,Good
P022,Wendy Baker,2026-08-24,4958,1810,67,Wearable Device,Good
P022,Wendy Baker,2026-08-25,5159,1718,66,Wearable Device,Fair
P022,Wendy Baker,2026-08-26,5632,1693,68,Estimated,Fair
P022,Wendy Baker,2026-08-27,5620,1938,70,Wearable Device,Good
P022,Wendy Baker,2026-08-28,5994,1817,66,Wearable Device,Good
P022,Wendy Baker,2026-08-29,5287,1850,71,Wearable Device,Good
P022,Wendy Baker,2026-08-30,5036,1770,70,Wearable Device,Good
P022,Wendy Baker,2026-08-31,5675,1816,68,Wearable Device,Good
P022,Wendy Baker,2026-09-01,5492,1988,66,Wearable Device,Good
P022,Wendy Baker,2026-09-02,5676,2094,67,Wearable Device,Good
P022,Wendy Baker,2026-09-03,5413,1916,64,Wearable Device,Good
P022,Wendy Baker,2026-09-04,6044,1866,65,Wearable Device,Good
P022,Wendy Baker,2026-09-05,5174,1951,68,Wearable Device,Good
P022,Wendy Baker,2026-09-06,5265,1903,61,Wearable Device,Good
P022,Wendy Baker,2026-09-07,5449,1891,71,Manual Entry,Poor
P022,Wendy Baker,2026-09-08,5191,1731,63,Wearable Device,Poor
P022,Wendy Baker,2026-09-09,5039,1973,71,Wearable Device,Good
P022,Wendy Baker,2026-09-10,5486,1962,66,Manual Entry,Poor
P022,Wendy Baker,2026-09-11,5374,1819,64,Wearable Device,Good
P022,Wendy Baker,2026-09-12,4982,1874,65,Wearable Device,Good
P022,Wendy Baker,2026-09-13,5601,1858,65,Wearable Device,Good
P022,Wendy Baker,2026-09-14,5164,1856,68,Wearable Device,Good
P022,Wendy Baker,2026-09-15,5091,1858,66,Wearable Device,Good
P022,Wendy Baker,2026-09-16,5206,1795,66,Wearable Device,Good
P022,Wendy Baker,2026-09-17,5093,1882,63,Wearable Device,Good
P022,Wendy Baker,2026-09-18,5686,2066,63,Wearable Device,Good
P022,Wendy Baker,2026-09-19,5544,1782,69,Wearable Device,Good
P022,Wendy Baker,2026-09-20,5058,1894,63,Wearable Device,Good
P022,Wendy Baker,2026-09-21,5344,1754,68,Wearable Device,Good
P022,Wendy Baker,2026-09-22,5174,1901,64,Wearable Device,Good
P022,Wendy Baker,2026-09-23,5369,1863,63,Wearable Device,Good
P022,Wendy Baker,2026-09-24,5456,1991,63,Wearable Device,Good
P022,Wendy Baker,2026-09-25,5716,1988,63,Wearable Device,Good
P022,Wendy Baker,2026-09-26,5007,1877,64,Wearable Device,Good
P022,Wendy Baker,2026-09-27,5904,1853,63,Wearable Device,Good
P022,Wendy Baker,2026-09-28,5090,1950,64,Wearable Device,Good
P022,Wendy Baker,2026-09-29,5411,1938,64,Wearable Device,Good
P023,Xavier Scott,2026-07-02,6983,2248,86,Wearable Device,Good
P023,Xavier Scott,2026-07-03,7206,2225,84,Wearable Device,Good
P023,Xavier Scott,2026-07-04,6869,2083,85,Wearable Device,Good
P023,Xavier Scott,2026-07-05,7662,2150,80,Manual Entry,Fair
P023,Xavier Scott,2026-07-06,6695,2331,85,Wearable Device,Good
P023,Xavier Scott,2026-07-07,6944,2146,84,Wearable Device,Good
P023,Xavier Scott,2026-07-08,6452,2266,87,Wearable Device,Good
P023,Xavier Scott,2026-07-09,6562,2077,90,Wearable Device,Good
P023,Xavier Scott,2026-07-10,6785,2377,83,Wearable Device,Good
P023,Xavier Scott,2026-07-11,6943,2299,80,Wearable Device,Good
P023,Xavier Scott,2026-07-12,7046,2207,78,Wearable Device,Good
P023,Xavier Scott,2026-07-13,7118,2220,83,Wearable Device,Fair
P023,Xavier Scott,2026-07-14,6576,2429,87,Wearable Device,Good
P023,Xavier Scott,2026-07-15,7337,2215,76,Wearable Device,Good
P023,Xavier Scott,2026-07-16,7683,2243,80,Wearable Device,Fair
P023,Xavier Scott,2026-07-17,7145,2381,83,Wearable Device,Good
P023,Xavier Scott,2026-07-18,7447,2371,79,Wearable Device,Good
P023,Xavier Scott,2026-07-19,6764,2357,72,Wearable Device,Good
P023,Xavier Scott,2026-07-20,6947,2089,81,Manual Entry,Poor
P023,Xavier Scott,2026-07-21,6895,2209,81,Wearable Device,Good
P023,Xavier Scott,2026-07-22,6615,2507,91,Wearable Device,Good
P023,Xavier Scott,2026-07-23,6593,2427,82,Wearable Device,Good
P023,Xavier Scott,2026-07-24,7045,2242,81,Wearable Device,Good
P023,Xavier Scott,2026-07-25,7344,2264,81,Wearable Device,Good
P023,Xavier Scott,2026-07-26,6543,2149,77,Wearable Device,Good
P023,Xavier Scott,2026-07-27,7004,2115,82,Wearable Device,Good
P023,Xavier Scott,2026-07-28,7479,2384,83,Wearable Device,Good
P023,Xavier Scott,2026-07-29,6969,2461,86,Wearable Device,Good
P023,Xavier Scott,2026-07-30,6885,2089,85,Wearable Device,Good
P023,Xavier Scott,2026-07-31,7290,2178,85,Wearable Device,Good
P023,Xavier Scott,2026-08-01,6872,2229,73,Wearable Device,Good
P023,Xavier Scott,2026-08-02,6922,2359,81,Wearable Device,Good
P023,Xavier Scott,2026-08-03,7018,2164,85,Wearable Device,Good
P023,Xavier Scott,2026-08-04,6924,2144,89,Wearable Device,Good
P023,Xavier Scott,2026-08-05,7325,2181,86,Wearable Device,Good
P023,Xavier Scott,2026-08-06,7188,2322,76,Wearable Device,Good
P023,Xavier Scott,2026-08-07,7352,2185,82,Wearable Device,Good
P023,Xavier Scott,2026-08-08,7923,2283,82,Wearable Device,Good
P023,Xavier Scott,2026-08-09,6228,2406,78,Wearable Device,Good
P023,Xavier Scott,2026-08-10,6648,2212,89,Wearable Device,Good
P023,Xavier Scott,2026-08-11,7270,2232,85,Wearable Device,Good
P023,Xavier Scott,2026-08-12,6789,2265,84,Wearable Device,Good
P023,Xavier Scott,2026-08-13,7339,2358,86,Wearable Device,Good
P023,Xavier Scott,2026-08-14,6873,2333,83,Wearable Device,Good
P023,Xavier Scott,2026-08-15,6621,2204,84,Wearable Device,Good
P023,Xavier Scott,2026-08-16,7318,2229,78,Estimated,Poor
P023,Xavier Scott,2026-08-17,7019,2262,84,Wearable Device,Good
P023,Xavier Scott,2026-08-18,7321,2364,81,Wearable Device,Good
P023,Xavier Scott,2026-08-19,6784,2132,86,Wearable Device,Good
P023,Xavier Scott,2026-08-20,7507,2214,82,Wearable Device,Good
P023,Xavier Scott,2026-08-21,7513,2306,85,Wearable Device,Good
P023,Xavier Scott,2026-08-22,6583,2326,80,Wearable Device,Good
P023,Xavier Scott,2026-08-23,6603,2210,81,Wearable Device,Good
P023,Xavier Scott,2026-08-24,6922,2087,88,Wearable Device,Good
P023,Xavier Scott,2026-08-25,7394,2030,88,Wearable Device,Good
P023,Xavier Scott,2026-08-26,6716,2346,83,Wearable Device,Good
P023,Xavier Scott,2026-08-27,7010,2229,89,Wearable Device,Good
P023,Xavier Scott,2026-08-28,6566,2318,88,Wearable Device,Good
P023,Xavier Scott,2026-08-29,7250,2511,81,Wearable Device,Good
P023,Xavier Scott,2026-08-30,7335,2238,89,Wearable Device,Good
P023,Xavier Scott,2026-08-31,6997,2206,89,Wearable Device,Good
P023,Xavier Scott,2026-09-01,6827,2091,81,Wearable Device,Good
P023,Xavier Scott,2026-09-02,7216,2406,84,Wearable Device,Good
P023,Xavier Scott,2026-09-03,7461,2097,82,Estimated,Poor
P023,Xavier Scott,2026-09-04,6898,2237,84,Wearable Device,Good
P023,Xavier Scott,2026-09-05,7241,2199,84,Wearable Device,Good
P023,Xavier Scott,2026-09-06,6984,2145,83,Wearable Device,Good
P023,Xavier Scott,2026-09-07,6949,2231,84,Wearable Device,Good
P023,Xavier Scott,2026-09-08,7026,2201,89,Wearable Device,Good
P023,Xavier Scott,2026-09-09,6590,2168,95,Wearable Device,Good
P023,Xavier Scott,2026-09-10,6636,2097,87,Wearable Device,Good
P023,Xavier Scott,2026-09-11,6273,2223,93,Wearable Device,Poor
P023,Xavier Scott,2026-09-12,6459,2027,77,Wearable Device,Good
P023,Xavier Scott,2026-09-13,7314,2376,81,Wearable Device,Good
P023,Xavier Scott,2026-09-14,7239,2406,91,Wearable Device,Good
P023,Xavier Scott,2026-09-15,6913,1991,80,Wearable Device,Good
P023,Xavier Scott,2026-09-16,6850,2220,83,Wearable Device,Good
P023,Xavier Scott,2026-09-17,7391,2393,83,Wearable Device,Good
P023,Xavier Scott,2026-09-18,7244,2245,82,Wearable Device,Good
P023,Xavier Scott,2026-09-19,7037,2168,89,Wearable Device,Good
P023,Xavier Scott,2026-09-20,6076,2057,78,Wearable Device,Good
P023,Xavier Scott,2026-09-21,6593,2212,77,Wearable Device,Good
P023,Xavier Scott,2026-09-22,5802,2119,78,Wearable Device,Good
P023,Xavier Scott,2026-09-23,5480,1979,67,Wearable Device,Good
P023,Xavier Scott,2026-09-24,5787,1833,75,Wearable Device,Good
P023,Xavier Scott,2026-09-25,5920,1745,74,Wearable Device,Good
P023,Xavier Scott,2026-09-26,5238,1882,65,Wearable Device,Good
P023,Xavier Scott,2026-09-27,5472,1856,69,Wearable Device,Good
P023,Xavier Scott,2026-09-28,5927,1745,66,Wearable Device,Good
P023,Xavier Scott,2026-09-29,5166,1730,65,Wearable Device,Good
